molecule_chembl_id,canonical_smiles,standard_value,class
CHEMBL22978,CN1CCC(O)(c2nc(-c3ccc(F)cc3)c(-c3ccncc3)o2)CC1,10000.0,inactive
CHEMBL178945,CN(C)CCCn1nc(C2=C(c3cn(-c4cccs4)c4ccccc34)C(=O)NC2=O)c2ccccc21,10000.0,inactive
CHEMBL368416,CN(C)CCCn1nc(C2=C(c3cn(-c4cccnc4)c4ccccc34)C(=O)NC2=O)c2ccccc21,10000.0,inactive
CHEMBL368895,CN(C)CCCn1nc(C2=C(c3cn(-c4ccc5ccccc5c4)c4ccccc34)C(=O)NC2=O)c2ccccc21,10000.0,inactive
CHEMBL360304,CN(C)CCCn1nc(C2=C(c3cn(-c4cccc5ccccc45)c4ccccc34)C(=O)NC2=O)c2ccccc21,10000.0,inactive
CHEMBL359486,CN(C)CCCn1nc(C2=C(c3cn(-c4cnc5ccccc5c4)c4ccccc34)C(=O)NC2=O)c2ccccc21,10000.0,inactive
CHEMBL426587,CN(C)CCCn1nc(C2=C(c3cn(-c4csc5ccccc45)c4ccccc34)C(=O)NC2=O)c2ccccc21,10000.0,inactive
CHEMBL388978,CN[C@@H]1C[C@H]2O[C@@](C)([C@@H]1OC)n1c3ccccc3c3c4c(c5c6ccccc6n2c5c31)C(=O)NC4,10000.0,inactive
CHEMBL2408788,Cc1cc(-c2n[nH]c3cc(NC(=O)NCc4ccccc4)ncc23)ccn1,0.2223,active
CHEMBL2408789,Cc1cc(-c2n[nH]c3cc(NC(=O)N[C@H](C)c4ccccc4)ncc23)ccn1,0.1524,active
CHEMBL2408790,COc1cccc(F)c1CN1CCC[C@@H](NC(=O)Nc2cc3[nH]nc(-c4ccnc(C)c4)c3cn2)C1,0.1524,active
CHEMBL3645239,CO[C@@]1(C(=O)Nc2ccc3[nH]nc(-c4ccc(F)cc4)c3c2)CCN(CC(=O)N2CCC(c3ccc(-c4ncccn4)cc3)CC2)C1,9.1,active
CHEMBL3645240,CO[C@@]1(C(=O)Nc2ccc3[nH]nc(-c4ccnc(C5CC5)c4)c3c2)CCN(CC(=O)N2CCC(c3ccc(-c4ncccn4)cc3)CC2)C1,2.5,active
CHEMBL3645227,COC[C@@]1(C(=O)Nc2ccc3[nH]nc(-c4ccnc(C5CC5)c4)c3c2)CCN(CC(=O)N2CC=C(c3ccc(-c4ncccn4)cc3)CC2)C1,18.1,active
CHEMBL3645230,CO[C@@]1(C(=O)Nc2ccc3[nH]nc(-c4ccnc(C5CC5)c4)c3c2)CCN(CC(=O)N2CC=C(c3ccc(-c4ncccn4)cc3)CC2)C1,2.5,active
CHEMBL3645231,CO[C@@]1(C(=O)Nc2ccc3[nH]nc(-c4ccc(F)cc4)c3c2)CCN(CC(=O)N2CC=C(c3ccc(-c4ncccn4)cc3)CC2)C1,4.8,active
CHEMBL3645237,C#CC1(C(=O)Nc2ccc3[nH]nc(-c4ccc(F)cc4)c3c2)CCN(CC(=O)N2CCN(c3ccc(-c4ncccn4)cn3)C[C@H]2C)C1,19.5,active
CHEMBL3645229,COC[C@@]1(C(=O)Nc2ccc3[nH]nc(-c4ccnc(C(F)(F)F)c4)c3c2)CCN(CC(=O)N2CC=C(c3ccc(-c4ncccn4)cc3)CC2)C1,37.6,active
CHEMBL3645228,COC[C@@]1(C(=O)Nc2ccc3[nH]nc(-c4ccc(F)cc4)c3c2)CCN(CC(=O)N2CC=C(c3ccc(-c4ncccn4)cc3)CC2)C1,38.45,active
CHEMBL3645233,CO[C@@]1(C(=O)Nc2ccc3[nH]nc(-c4ccc(F)cc4)c3c2)CCN(CC(=O)N2CCN(c3ccc(-c4ncccn4)cc3)CC2)C1,2.1,active
CHEMBL3645232,CO[C@@]1(C(=O)Nc2ccc3[nH]nc(-c4ccnc(C)c4)c3c2)CCN(CC(=O)N2CC=C(c3ccc(-c4ncccn4)cc3)CC2)C1,8.2,active
CHEMBL3645238,O=C(Nc1ccc2[nH]nc(-c3ccncc3)c2c1)[C@H]1CCN(CC(=O)N2CCN(c3ccc(-c4ncccn4)cc3)CC2)C1,0.8,active
CHEMBL3645234,CCNc1nnc(-c2ccc(C3=CCN(C(=O)CN4CC[C@@](OC)(C(=O)Nc5ccc6[nH]nc(-c7ccc(F)cc7)c6c5)C4)CC3)c(F)c2)o1,5.0,active
CHEMBL3645235,CS[C@@]1(C(=O)Nc2ccc3[nH]nc(-c4ccc(F)cc4)c3c2)CCN(CC(=O)N2CC=C(c3ccc(-c4ncccn4)cc3)CC2)C1,10.0,active
CHEMBL3645236,CO[C@@]1(C(=O)Nc2ccc3[nH]nc(-c4ccc(F)cc4)c3c2)CCN(CC(=O)N2CC=C(c3ccc(-c4ncccn4)cc3F)CC2)C1,20.0,active
CHEMBL3651162,O=C(N[C@@H]1CCCN(Cc2ccccc2F)C1)c1ccc2[nH]nc(-c3ccnc(Cl)c3)c2c1,25.0,active
CHEMBL3651163,CC(C)Oc1ccc(-c2n[nH]c3ccc(C(=O)N[C@@H]4CCCN(Cc5ccccc5F)C4)cc23)cc1,442.6,active
CHEMBL3651164,CC(C)Oc1ccc(-c2n[nH]c3ccc(C(=O)N[C@@H]4CCCN(Cc5ccccc5F)C4)cc23)cn1,124.1,active
CHEMBL3651165,O=C(N[C@@H]1CCCN(Cc2ccccc2F)C1)c1ccc2[nH]nc(-c3ccc4c(c3)CCO4)c2c1,48.6,active
CHEMBL3651166,COc1cccc(F)c1CN1CCC[C@@H](NC(=O)c2ccc3[nH]nc(C4=CCOCC4)c3c2)C1,1.3,active
CHEMBL3651167,COc1cccc(F)c1CN1CCC[C@@H](NC(=O)c2ccc3[nH]nc(C4=CCS(=O)(=O)CC4)c3c2)C1,8.4,active
CHEMBL3651168,COc1cccc(F)c1CN1CCC[C@@H](NC(=O)c2ccc3[nH]nc(C4CCOCC4)c3c2)C1,195.0,active
CHEMBL3651169,O=C(Nc1ccc2[nH]nc(-c3ccncc3)c2c1)C1CNCC(c2ccccc2)C1,69.4,active
CHEMBL3651171,O=C(N[C@H]1CCCN(Cc2ccccc2)C1)c1ccc2[nH]nc(-c3ccncc3)c2c1,303.5,active
CHEMBL3651172,O=C(N[C@H]1CCCN(Cc2ccccc2F)C1)c1ccc2[nH]nc(-c3ccncc3)c2c1,165.6,active
CHEMBL3651173,O=C(N[C@@H]1CCCN(Cc2ccccc2)C1)c1ccc2[nH]nc(-c3ccncc3)c2c1,2.9,active
CHEMBL3651174,O=C(N[C@@H]1CCCN(Cc2ccccc2F)C1)c1ccc2[nH]nc(-c3ccncc3)c2c1,1.1,active
CHEMBL3651175,CN1CC(NC(=O)c2ccc3[nH]nc(-c4ccncc4)c3c2)CC(c2ccccc2)C1,7.4,active
CHEMBL3651176,O=C(N[C@@H]1CCCN(Cc2ccccn2)C1)c1ccc2[nH]nc(-c3ccc4c(c3)CCO4)c2c1,591.0,active
CHEMBL3651177,O=C(N[C@@H]1CCCN(Cc2ccccc2C(F)(F)F)C1)c1ccc2[nH]nc(-c3ccc4c(c3)CCO4)c2c1,1000.0,active
CHEMBL3651178,N#Cc1ccc(CN2CCC[C@@H](NC(=O)c3ccc4[nH]nc(-c5ccc6c(c5)CCO6)c4c3)C2)cc1,1000.0,active
CHEMBL3651179,O=C(N[C@@H]1CCCN(Cc2ccncc2)C1)c1ccc2[nH]nc(-c3ccc4c(c3)CCO4)c2c1,626.0,active
CHEMBL3651180,N#Cc1cccc(CN2CCC[C@@H](NC(=O)c3ccc4[nH]nc(-c5ccc6c(c5)CCO6)c4c3)C2)c1,999.0,active
CHEMBL3651181,O=C(N[C@@H]1CCCN(Cc2nccs2)C1)c1ccc2[nH]nc(-c3ccc4c(c3)CCO4)c2c1,251.0,active
CHEMBL3651182,CN(C)c1ccc(CN2CCC[C@@H](NC(=O)c3ccc4[nH]nc(-c5ccc6c(c5)CCO6)c4c3)C2)cc1,1000.0,active
CHEMBL3651183,O=C(N[C@@H]1CCCN(Cc2c(F)cccc2F)C1)c1ccc2[nH]nc(-c3ccc4c(c3)CCO4)c2c1,173.0,active
CHEMBL3651184,O=C(N[C@@H]1CCCN(Cc2ccc3occc3c2)C1)c1ccc2[nH]nc(-c3ccc4c(c3)CCO4)c2c1,22.9,active
CHEMBL3651185,O=C(N[C@@H]1CCCN(CC2CC2)C1)c1ccc2[nH]nc(-c3ccncc3)c2c1,206.0,active
CHEMBL3651186,COc1cccc(F)c1CN1C[C@H](NC(=O)c2ccc3[nH]nc(-c4ccnc(C)c4)c3c2)CC[C@H]1C(=O)NOCC1CC1,0.6,active
CHEMBL3651187,COc1cccc(F)c1CN1C[C@H](NC(=O)c2ccc3[nH]nc(-c4ccnc(C)c4)c3c2)CC[C@H]1C(=O)N1CC(C)(O)C1,1.1,active
CHEMBL3651188,COc1cccc(F)c1CN1C[C@H](NC(=O)c2ccc3[nH]nc(-c4ccnc(C)c4)c3c2)CC[C@H]1C(=O)NC[C@H]1CC[C@H](O)C1,1.3,active
CHEMBL3651189,COc1cccc(F)c1CN1C[C@H](NC(=O)c2ccc3[nH]nc(-c4ccnc(C)c4)c3c2)CC[C@H]1C(=O)NC1CC1,3.4,active
CHEMBL3651190,COc1cccc(F)c1CN1C[C@H](NC(=O)c2ccc3[nH]nc(-c4ccnc(C)c4)c3c2)CC[C@H]1C(=O)N(C)C1CC1,2.5,active
CHEMBL3651191,COc1cccc(F)c1CN1C[C@H](NC(=O)c2ccc3[nH]nc(-c4ccnc(C)c4)c3c2)CC[C@H]1C(=O)NC[C@@H]1CC[C@@H](O)C1,1.5,active
CHEMBL3651192,COc1cccc(F)c1CN1C[C@H](NC(=O)c2ccc3[nH]nc(-c4ccnc(C)c4)c3c2)CC[C@H]1C(=O)Nc1ccncc1,3.0,active
CHEMBL3651193,COc1cccc(F)c1CN1C[C@H](NC(=O)c2ccc3[nH]nc(-c4ccnc(C)c4)c3c2)CC[C@H]1C(=O)NCC1CC1,4.9,active
CHEMBL3639500,COc1cccc(F)c1CN1C[C@H](NC(=O)c2ccc3[nH]nc(-c4ccnc(C)c4)c3c2)CC[C@H]1C(=O)NC1(C)CC1,4.7,active
CHEMBL3654447,COc1cccc(F)c1CN1C[C@H](NC(=O)c2ccc3[nH]nc(-c4ccnc(C)c4)c3c2)CC[C@H]1C(=O)Nc1ccc(C)nc1,6.7,active
CHEMBL3654448,COc1cccc(F)c1CN1C[C@H](NC(=O)c2ccc3[nH]nc(-c4ccnc(C)c4)c3c2)CC[C@H]1C(=O)Nc1cccnc1,4.1,active
CHEMBL3654449,COc1cccc(F)c1CN1C[C@H](NC(=O)c2ccc3[nH]nc(-c4ccnc(C)c4)c3c2)CC[C@H]1C(=O)Nc1nccs1,14.0,active
CHEMBL3654450,COc1ccc(N(C)C(=O)[C@@H]2CC[C@@H](NC(=O)c3ccc4[nH]nc(-c5ccnc(C)c5)c4c3)CN2Cc2c(F)cccc2OC)cc1,5.8,active
CHEMBL3654451,COc1ccc(NC(=O)[C@@H]2CC[C@@H](NC(=O)c3ccc4[nH]nc(-c5ccnc(C)c5)c4c3)CN2Cc2c(F)cccc2OC)cc1,11.6,active
CHEMBL3654452,COc1cccc(F)c1CN1C[C@H](NC(=O)c2ccc3[nH]nc(-c4ccnc(C)c4)c3c2)CC[C@H]1C(=O)NCC1(CO)CCCC1,8.8,active
CHEMBL3654453,COc1ccnc(NC(=O)[C@@H]2CC[C@@H](NC(=O)c3ccc4[nH]nc(-c5ccnc(C)c5)c4c3)CN2Cc2c(F)cccc2OC)c1,50.2,active
CHEMBL3654454,COc1cccc(F)c1CN1C[C@H](NC(=O)c2ccc3[nH]nc(-c4ccnc(C)c4)c3c2)CC[C@H]1C(=O)Nc1cccc(F)c1,15.2,active
CHEMBL3654455,COc1ccc(NC(=O)[C@@H]2CC[C@@H](NC(=O)c3ccc4[nH]nc(-c5ccnc(C)c5)c4c3)CN2Cc2c(F)cccc2OC)cc1F,16.7,active
CHEMBL3654456,COc1cccc(F)c1CN1C[C@H](NC(=O)c2ccc3[nH]nc(-c4ccnc(C)c4)c3c2)CC[C@H]1C(=O)Nc1ccc(F)cc1,23.4,active
CHEMBL3654457,COc1cccc(F)c1CN1C[C@H](NC(=O)c2ccc3[nH]nc(-c4ccnc(C)c4)c3c2)CC[C@H]1C(=O)Nc1ccc(C)cc1C,54.8,active
CHEMBL3654458,COc1cccc(F)c1CN1C[C@H](NC(=O)c2ccc3[nH]nc(-c4ccnc(C)c4)c3c2)CC[C@H]1C(=O)N1CCC(O)CC1,14.6,active
CHEMBL3654459,O=C(NC1CCCN(Cc2ccccc2F)C1)c1ccc2[nH]nc(-c3ccncc3)c2c1,14.4,active
CHEMBL3654460,O=C(NC1CCCN(Cc2ccccc2)C1)c1ccc2[nH]nc(-c3ccncc3)c2c1,16.6,active
CHEMBL3639533,CC(C)Oc1ccc(-c2n[nH]c3ccc(C(=O)NC4CCCN(Cc5ccccc5F)C4)cc23)cn1,307.2,active
CHEMBL3654461,O=C(NC1CCCN(Cc2ccccc2)C1)c1ccc2[nH]nc(-c3ccc4c(c3)CCO4)c2c1,172.0,active
CHEMBL3654462,O=C(NC1CCCN(Cc2ccccc2F)C1)c1ccc2[nH]nc(-c3ccc4c(c3)CCO4)c2c1,230.9,active
CHEMBL3654463,CC(c1ccccc1)N1CCC[C@@H](NC(=O)c2ccc3[nH]nc(-c4ccncc4)c3c2)C1,763.0,active
CHEMBL3654464,O=C(N[C@@H]1CNCC[C@H]1c1ccccc1)c1ccc2[nH]nc(-c3ccc4c(c3)CCO4)c2c1,23.0,active
CHEMBL3654465,CN1CC[C@@H](c2ccccc2)[C@H](NC(=O)c2ccc3[nH]nc(-c4ccc5c(c4)CCO5)c3c2)C1,118.5,active
CHEMBL3654466,O=C(N[C@@H]1CNCC[C@H]1c1ccccc1)c1ccc2[nH]nc(-c3ccc4c(c3)OCO4)c2c1,27.1,active
CHEMBL3654467,O=C(N[C@@H]1CNCC[C@H]1c1ccccc1)c1ccc2[nH]nc(-c3ccc4[nH]c(=O)[nH]c4c3)c2c1,50.1,active
CHEMBL3654468,CC(C)Oc1ccc(-c2n[nH]c3ccc(C(=O)N[C@@H]4CNCC[C@H]4c4ccccc4)cc23)cc1,49.9,active
CHEMBL3654469,CCN1CC[C@@H](c2ccccc2)[C@H](NC(=O)c2ccc3[nH]nc(-c4ccc(OC(C)C)cc4)c3c2)C1,650.0,active
CHEMBL3654470,CC(C)Oc1ccc(-c2n[nH]c3ccc(C(=O)N[C@@H]4CN(C)CC[C@H]4c4ccccc4)cc23)cc1,300.0,active
CHEMBL3654471,CC(C)Oc1ccc(-c2n[nH]c3ccc(C(=O)N[C@@H]4CNCC[C@H]4c4ccccc4)cc23)cn1,84.9,active
CHEMBL3654472,CC(C)Oc1ccc(-c2n[nH]c3ccc(C(=O)N[C@@H]4CN(C)CC[C@H]4c4ccccc4)cc23)cn1,300.0,active
CHEMBL3654473,CCN1CC[C@@H](c2ccccc2)[C@H](NC(=O)c2ccc3[nH]nc(-c4ccc(OC(C)C)nc4)c3c2)C1,300.0,active
CHEMBL3654474,CC(C)(C)OC(=O)N1CC[C@@H](c2ccccc2)[C@H](NC(=O)c2ccc3[nH]nc(-c4ccc5c(c4)CCO5)c3c2)C1,300.0,active
CHEMBL3654475,O=C(N[C@@H]1CNCC[C@H]1c1ccccc1)c1ccc2[nH]nc(-c3ccc4[nH]ncc4c3)c2c1,13.7,active
CHEMBL3654476,CC(C)Oc1cc(-c2n[nH]c3ccc(C(=O)N[C@@H]4CNCC[C@H]4c4ccccc4)cc23)ccn1,141.3,active
CHEMBL3654477,COc1cc(-c2n[nH]c3ccc(C(=O)N[C@@H]4CCCN(Cc5ccccc5F)C4)cc23)ccn1,111.79,active
CHEMBL3654478,O=C(N[C@@H]1CCCN(Cc2ccccc2F)C1)c1ccc2[nH]nc(-c3ccnc(C4CC4)c3)c2c1,33.22,active
CHEMBL3654479,CCc1cc(-c2n[nH]c3ccc(C(=O)N[C@@H]4CCCN(Cc5ccccc5F)C4)cc23)ccn1,19.81,active
CHEMBL3654480,Cc1cc(-c2n[nH]c3ccc(C(=O)N[C@@H]4CCCN(Cc5ccccc5F)C4)cc23)ccn1,10.73,active
CHEMBL3654481,O=C(N[C@@H]1CCCN(Cc2ccccc2F)C1)c1ccc2[nH]nc(-c3ccnc(C(F)(F)F)c3)c2c1,507.24,active
CHEMBL3654482,COc1cccc(F)c1CN1CCCC(NC(=O)c2ccc3[nH]nc(-c4ccc5c(c4)CCO5)c3c2)C1,33.05,active
CHEMBL3654483,CC1CC(NC(=O)c2ccc3[nH]nc(-c4ccncc4)c3c2)CN(Cc2ccccc2F)C1,16.38,active
CHEMBL3654484,Cn1cc(CN2CCC[C@@H](NC(=O)c3ccc4[nH]nc(-c5ccc6c(c5)CCO6)c4c3)C2)c2ccccc21,158.46,active
CHEMBL3654485,Cc1cc(-c2n[nH]c3ccc(C(=O)N[C@@H]4CCCN(Cc5ccccc5O)C4)cc23)ccn1,140.04,active
CHEMBL3654486,COc1cccc(F)c1CN1CCC[C@@H](NC(=O)c2ccc3[nH]nc(-c4ccnc(C)c4)c3c2)C1,4.98,active
CHEMBL3654487,Cc1cc(-c2n[nH]c3ccc(C(=O)N[C@@H]4CCCN(Cc5c(F)cccc5F)C4)cc23)ccn1,29.7,active
CHEMBL3654488,CC(=O)Nc1cc(-c2n[nH]c3ccc(C(=O)N[C@@H]4CCCN(Cc5ccccc5F)C4)cc23)ccc1O,74.73,active
CHEMBL3654489,COc1cccc(F)c1CN1CCC[C@@H](NC(=O)c2ccc3[nH]nc(-c4ccc(O)c(NC(C)=O)c4)c3c2)C1,64.93,active
CHEMBL3654490,CC(=O)Nc1cc(-c2n[nH]c3ccc(C(=O)N[C@@H]4CCCN(Cc5c(F)cccc5F)C4)cc23)ccc1O,223.7,active
CHEMBL3654491,COc1ccccc1CN1CCC[C@@H](NC(=O)c2ccc3[nH]nc(-c4ccc(O)c(NC(C)=O)c4)c3c2)C1,253.61,active
CHEMBL3654492,CCCOc1ccccc1CN1CCC[C@@H](NC(=O)c2ccc3[nH]nc(-c4ccnc(C)c4)c3c2)C1,245.55,active
CHEMBL3654493,COc1cccc(F)c1CN1CCC[C@@H](NC(=O)c2ccc3[nH]nc(-c4ccc5sccc5c4)c3c2)C1,807.02,active
CHEMBL3654494,COc1cccc(F)c1CN1CCC[C@@H](NC(=O)c2ccc3[nH]nc(-c4ccc5occc5c4)c3c2)C1,495.27,active
CHEMBL3654495,COc1cccc(F)c1CN1CCC[C@@H](NC(=O)c2ccc3[nH]nc(-c4ccc5cn[nH]c5c4)c3c2)C1,162.95,active
CHEMBL3654496,COc1cccc(F)c1CN1CCC[C@@H](NC(=O)c2ccc3[nH]nc(-c4ccc(S(=O)(=O)N(C)C)cc4)c3c2)C1,359.41,active
CHEMBL3654497,COc1cccc(F)c1CN1CCC[C@@H](NC(=O)c2ccc3[nH]nc(-c4cccc(NC(C)=O)c4)c3c2)C1,286.47,active
CHEMBL3654498,COc1cccc(F)c1CN1CCC[C@@H](NC(=O)c2ccc3[nH]nc(-c4ccc(C(C)=O)cc4)c3c2)C1,189.47,active
CHEMBL3654499,COc1cccc(F)c1CN1CCC[C@@H](NC(=O)c2ccc3[nH]nc(-c4cccc(C(C)=O)c4)c3c2)C1,608.66,active
CHEMBL3654500,COc1cccc(F)c1CN1CCC[C@@H](NC(=O)c2ccc3[nH]nc(-c4ccc(C#N)cc4)c3c2)C1,155.3,active
CHEMBL3654501,COc1cccc(F)c1CN1CCC[C@@H](NC(=O)c2ccc3[nH]nc(-c4cccc(C#N)c4)c3c2)C1,263.67,active
CHEMBL3654502,COc1cccc(F)c1CN1CCC[C@@H](NC(=O)c2ccc3[nH]nc(-c4ccc(S(C)(=O)=O)cc4)c3c2)C1,194.51,active
CHEMBL3654503,COc1cccc(F)c1CN1CCC[C@@H](NC(=O)c2ccc3[nH]nc(-c4ccc(N)c(OC(C)=O)c4)c3c2)C1,482.66,active
CHEMBL3654504,Cc1cc(-c2n[nH]c3ccc(C(=O)N[C@@H]4CCCN(Cc5csc6ccccc56)C4)cc23)ccn1,18.68,active
CHEMBL3654505,Cc1cc(-c2n[nH]c3ccc(C(=O)N[C@@H]4CCCN(Cc5ccccc5Cl)C4)cc23)ccn1,28.08,active
CHEMBL3654506,CC(=O)n1cc(CN2CCC[C@@H](NC(=O)c3ccc4[nH]nc(-c5ccnc(C)c5)c4c3)C2)c2ccccc21,153.73,active
CHEMBL3654507,Cc1cc(-c2n[nH]c3ccc(C(=O)N[C@@H]4CCCN(Cc5c(C)cccc5C)C4)cc23)ccn1,89.04,active
CHEMBL3654508,Cc1cc(-c2n[nH]c3ccc(C(=O)N[C@@H]4CCCN(Cc5cn(C)c6ccccc56)C4)cc23)ccn1,21.53,active
CHEMBL3654509,Cc1cc(-c2n[nH]c3ccc(C(=O)N[C@@H]4CCCN(Cc5cc6ccccc6n5C)C4)cc23)ccn1,41.71,active
CHEMBL3654510,CCn1cc(-c2n[nH]c3ccc(C(=O)N[C@@H]4CCCN(Cc5c(F)cccc5OC)C4)cc23)cn1,113.71,active
CHEMBL3654511,COc1cccc(F)c1CN1CCC[C@@H](NC(=O)c2ccc3[nH]nc(-c4ccc5cncn5c4)c3c2)C1,4.02,active
CHEMBL3654512,COc1cccc(F)c1CN1CCC[C@@H](NC(=O)c2ccc3[nH]nc(-c4ccc5nc(C)oc5c4)c3c2)C1,16.41,active
CHEMBL3654513,COc1cccc(F)c1CN1CCC[C@@H](NC(=O)c2ccc3[nH]nc(-c4ccc5oc(C)nc5c4)c3c2)C1,45.65,active
CHEMBL3654514,Cc1cc(-c2n[nH]c3ccc(C(=O)N[C@@H]4CCCN(Cc5cc6ccccc6o5)C4)cc23)ccn1,15.09,active
CHEMBL3654515,Cc1cc(-c2n[nH]c3ccc(C(=O)N[C@@H]4CCCN(Cc5cc(F)c(Cl)cc5Cl)C4)cc23)ccn1,659.9,active
CHEMBL3654516,Cc1cc(-c2n[nH]c3ccc(C(=O)N[C@@H]4CCCN(Cc5cc6ccccc6s5)C4)cc23)ccn1,90.1,active
CHEMBL3654517,Cc1cc(-c2n[nH]c3ccc(C(=O)N[C@@H]4CCCN(Cc5ccncn5)C4)cc23)ccn1,506.7,active
CHEMBL3654518,COc1cccc(CN2CCC[C@@H](NC(=O)c3ccc4[nH]nc(-c5ccnc(C)c5)c4c3)C2)n1,220.5,active
CHEMBL3654519,Cc1cc(-c2n[nH]c3ccc(C(=O)N[C@@H]4CCCN(C5CCc6ccccc65)C4)cc23)ccn1,65.4,active
CHEMBL3654520,COc1cccc(F)c1CN1C[C@H](C)C[C@@H](NC(=O)c2ccc3[nH]nc(-c4ccnc(C)c4)c3c2)C1,203.9,active
CHEMBL3654521,COc1cccc(F)c1CN1C[C@@H](C)C[C@@H](NC(=O)c2ccc3[nH]nc(-c4ccc5nccn5c4)c3c2)C1,5.84,active
CHEMBL3654522,COc1cccc(F)c1CN1C[C@H](C)C[C@@H](NC(=O)c2ccc3[nH]nc(-c4ccc5nccn5c4)c3c2)C1,10.6,active
CHEMBL3654523,COc1cccc(F)c1CN1C[C@@H](C)C[C@@H](NC(=O)c2ccc3[nH]nc(-c4ccc5nn(C)cc5c4)c3c2)C1,6.1,active
CHEMBL3654524,COc1cccc(F)c1CN1C[C@H](C)C[C@@H](NC(=O)c2ccc3[nH]nc(-c4ccc5nn(C)cc5c4)c3c2)C1,217.3,active
CHEMBL3654525,COc1cccc(F)c1CN1CC(NC(=O)c2ccc3[nH]nc(-c4ccnc(C)c4)c3c2)CC(OC)C1,39.06,active
CHEMBL3654526,COc1cccc(F)c1CN1CCC[C@@H](NC(=O)c2ccc3[nH]nc(-c4ccc5nc(C)sc5c4)c3c2)C1,78.49,active
CHEMBL3654527,COc1cccc(F)c1CN1C[C@@H](NC(=O)c2ccc3[nH]nc(-c4ccnc(C)c4)c3c2)CCC1=O,991.6,active
CHEMBL3654528,COc1cccc(F)c1CN1C[C@@H](NC(=O)c2ccc3[nH]nc(-c4ccc5nccn5c4)c3c2)CCC1=O,663.12,active
CHEMBL3654529,COC(=O)C1CC(NC(=O)c2ccc3[nH]nc(-c4ccnc(C)c4)c3c2)CN(Cc2c(F)cccc2OC)C1,146.17,active
CHEMBL3654530,Cc1cc(-c2n[nH]c3ccc(C(=O)N[C@@H]4CCCN(Cc5ncccc5F)C4)cc23)ccn1,234.1,active
CHEMBL3654531,Cc1cc(-c2n[nH]c3ccc(C(=O)N[C@@H]4CCCN(Cc5scnc5C)C4)cc23)ccn1,874.7,active
CHEMBL3654532,COc1ccsc1CN1CCC[C@@H](NC(=O)c2ccc3[nH]nc(-c4ccnc(C)c4)c3c2)C1,136.9,active
CHEMBL3654533,COc1cccc(F)c1CN1CC(NC(=O)c2ccc3[nH]nc(-c4ccc5nccn5c4)c3c2)CC(C(=O)O)C1,64.72,active
CHEMBL3654534,Cc1cc(-c2n[nH]c3ccc(C(=O)N[C@@H]4CCCN(C(C)c5ccccc5)C4)cc23)ccn1,128.26,active
CHEMBL3654535,Cc1cc(-c2n[nH]c3ccc(C(=O)NC4CCCN(Cc5ncccn5)C4)cc23)ccn1,922.91,active
CHEMBL3654536,COc1cccc(F)c1CN1CC(CO)CC(NC(=O)c2ccc3[nH]nc(-c4ccc5nccn5c4)c3c2)C1,139.82,active
CHEMBL3654537,Cc1cc(-c2n[nH]c3ccc(C(=O)N[C@@H]4CCCN(CCc5ccccc5F)C4)cc23)ccn1,98.79,active
CHEMBL3654538,Cc1cc(-c2n[nH]c3ccc(C(=O)N[C@@H]4CCCN(CCc5ccccc5C(F)(F)F)C4)cc23)ccn1,86.92,active
CHEMBL3654539,Cc1cc(-c2n[nH]c3ccc(C(=O)N[C@@H]4CCCN(CC(=O)c5ccccc5F)C4)cc23)ccn1,32.94,active
CHEMBL3654540,COc1cccc(F)c1CN1C[C@@H]2C[C@@H](NC(=O)c3ccc4[nH]nc(-c5ccc6nn(C)cc6c5)c4c3)[C@H]1C2,526.83,active
CHEMBL3654541,Cn1cc2cc(-c3n[nH]c4ccc(C(=O)NC5C[C@@H]6C[C@H]5N(Cc5c(F)cccc5F)C6)cc34)ccc2n1,881.26,active
CHEMBL3654542,CC(C)Oc1ccc(-c2n[nH]c3ccc(C(=O)N[C@@H]4CNC[C@H](c5ccccc5)C4)cc23)cc1,45.15,active
CHEMBL3654543,Cn1cc(-c2n[nH]c3ccc(C(=O)N[C@@H]4CCCN(Cc5ccccc5F)C4)cc23)ccc1=O,21.06,active
CHEMBL3654544,O=C(N[C@@H]1CCCN(c2ccccc2F)C1)c1ccc2[nH]nc(-c3ccncc3)c2c1,62.3,active
CHEMBL3654545,COc1cccc(F)c1CN1CCCCC(NC(=O)c2ccc3[nH]nc(-c4ccncc4)c3c2)C1,230.82,active
CHEMBL3654546,O=C(NC1CCCCN(Cc2c(F)cccc2F)C1)c1ccc2[nH]nc(-c3ccncc3)c2c1,148.04,active
CHEMBL3654547,O=C(NC1CCCCN(Cc2ccccc2F)C1)c1ccc2[nH]nc(-c3ccncc3)c2c1,79.25,active
CHEMBL3654548,O=C(NC1CCCCN(Cc2ccccn2)C1)c1ccc2[nH]nc(-c3ccncc3)c2c1,369.19,active
CHEMBL3654549,O=C(NC1CCCCN(CCc2ccccc2)C1)c1ccc2[nH]nc(-c3ccncc3)c2c1,8.725,active
CHEMBL3654550,O=C(N[C@@H]1CCCN(Cc2c(F)cccc2F)C1)c1ccc2[nH]nc(-c3ccnc(Cl)c3)c2c1,62.27,active
CHEMBL3654551,O=C(NC1CCCCN(Cc2ccccc2)C1)c1ccc2[nH]nc(-c3ccncc3)c2c1,249.4,active
CHEMBL3654552,O=C(NC1CN(C(=O)OCc2ccccc2)CC(F)(F)C1)c1ccc2[nH]nc(-c3ccncc3)c2c1,104.88,active
CHEMBL3654553,COc1cccc(F)c1CN1CC(NC(=O)c2ccc3[nH]nc(-c4ccncc4)c3c2)CC(F)(F)C1,17.35,active
CHEMBL3654554,O=C(NC1CN(Cc2c(F)cccc2F)CC(F)(F)C1)c1ccc2[nH]nc(-c3ccncc3)c2c1,240.72,active
CHEMBL3654555,O=C(NC1CCCNC1)c1ccc2[nH]nc(-c3ccncc3)c2c1,835.46,active
CHEMBL3654556,O=C(NC1CCCCN(CCCc2ccccc2)C1)c1ccc2[nH]nc(-c3ccncc3)c2c1,72.48,active
CHEMBL3654557,Cc1cc(-c2n[nH]c3ccc(C(=O)N[C@@H]4CCCN(CC(O)c5ccccc5F)C4)cc23)ccn1,180.57,active
CHEMBL3654558,COc1cccc(F)c1CN1C[C@@H](C(F)(F)F)C[C@@H](NC(=O)c2ccc3[nH]nc(-c4ccc5nccn5c4)c3c2)C1,17.96,active
CHEMBL3654559,COc1cccc(F)c1CN1C[C@H](NC(=O)c2ccc3[nH]nc(-c4ccc5nccn5c4)c3c2)C[C@@H](C(F)(F)F)C1,180.6,active
CHEMBL3639534,COc1cccc(F)c1CN1CCC(O[Si](C)(C)C(C)(C)C)C(NC(=O)c2ccc3[nH]nc(-c4ccc5nccn5c4)c3c2)C1,317.91,active
CHEMBL3654560,COc1cccc(F)c1CN1CCC(O)C(NC(=O)c2ccc3[nH]nc(-c4ccc5nccn5c4)c3c2)C1,42.13,active
CHEMBL3654561,COc1cccc(F)c1CN1CCC(F)C(NC(=O)c2ccc3[nH]nc(-c4ccc5nccn5c4)c3c2)C1,16.26,active
CHEMBL3654562,COC(=O)[C@@H]1CC[C@@H](NC(=O)c2ccc3[nH]nc(-c4ccncc4)c3c2)CN1,143.91,active
CHEMBL3654563,O=C(NC1CCCCN(CCc2ccccc2F)C1)c1ccc2[nH]nc(-c3ccncc3)c2c1,5.0,active
CHEMBL3654564,COC(=O)[C@@H]1CC[C@@H](NC(=O)c2ccc3[nH]nc(-c4ccncc4)c3c2)CN1Cc1ccccc1,40.68,active
CHEMBL3654565,COc1cccc(F)c1CN1CCC[C@@H](NC(=O)c2ccc3[nH]nc(-c4ccn5ncnc5c4)c3c2)C1,68.94,active
CHEMBL3654566,COc1cccc(F)c1CN1CCC[C@@H](NC(=O)c2ccc3[nH]nc(-c4ccc5nc(C)nn5c4)c3c2)C1,22.17,active
CHEMBL3654567,COc1cccc(F)c1CN1CCC[C@@H](NC(=O)c2ccc3[nH]nc(-c4ccc5nncn5c4)c3c2)C1,6.46,active
CHEMBL3654568,COc1cccc(F)c1CN1CC(NC(=O)c2ccc3[nH]nc(-c4ccnc(C)c4)c3c2)CCC1C,26.83,active
CHEMBL3654569,COc1cccc(F)c1CN1CCCC(NC(=O)c2ccc3[nH]nc(-c4ccnc(C)c4)c3c2)C1C,66.93,active
CHEMBL3654570,Cc1cc(-c2n[nH]c3ccc(C(=O)N[C@@H]4CCCN(CC(F)(F)c5ccccc5F)C4)cc23)ccn1,169.65,active
CHEMBL3654571,Cc1cc(-c2n[nH]c3ccc(C(=O)N[C@@H]4CCCN(CC(F)(F)c5ccccc5)C4)cc23)ccn1,76.51,active
CHEMBL3654572,O=C(NC1CCCCN(CCc2cccc3ccccc23)C1)c1ccc2[nH]nc(-c3ccncc3)c2c1,12.87,active
CHEMBL3654573,O=C(NC1CCCCN(CCc2cccc(F)c2)C1)c1ccc2[nH]nc(-c3ccncc3)c2c1,13.41,active
CHEMBL3654574,COc1cccc(F)c1CN1CCC[C@@H](NC(=O)c2ccc3[nH]nc(-c4ccc5ncsc5c4)c3c2)C1,28.25,active
CHEMBL3654575,CCc1nnc2ccc(-c3n[nH]c4ccc(C(=O)N[C@@H]5CCCN(Cc6c(F)cccc6OC)C5)cc34)cn12,70.92,active
CHEMBL3654576,CN1CC(NC(=O)c2ccc3[nH]nc(-c4ccc5nccn5c4)c3c2)CCC1C1CC1,394.74,active
CHEMBL3654577,COc1cccc(F)c1CN1CC(NC(=O)c2ccc3[nH]nc(-c4ccc5nccn5c4)c3c2)CCC1C1CC1,49.32,active
CHEMBL3654578,O=C(N[C@@H]1CCCN(Cc2ncon2)C1)c1ccc2[nH]nc(-c3ccncc3)c2c1,50.09,active
CHEMBL3654579,O=C(NC1CN(Cc2ccccc2F)CC(F)(F)C1)c1ccc2[nH]nc(-c3ccncc3)c2c1,126.56,active
CHEMBL3654580,O=C(NC1CN(Cc2ccccc2)CC(F)(F)C1)c1ccc2[nH]nc(-c3ccncc3)c2c1,143.57,active
CHEMBL3654581,O=C(NC1CCCCN(CCc2ccc(F)cc2)C1)c1ccc2[nH]nc(-c3ccncc3)c2c1,98.08,active
CHEMBL3654582,COC(=O)[C@H]1CC[C@@H](NC(=O)c2ccc3[nH]nc(-c4ccncc4)c3c2)CN1Cc1ccccc1,132.87,active
CHEMBL3654583,O=C(CN1CCCCC(NC(=O)c2ccc3[nH]nc(-c4ccncc4)c3c2)C1)c1ccccc1,34.84,active
CHEMBL3654584,COc1cccc(F)c1CN1CCC[C@@H](NC(=O)c2ccc3[nH]nc(-c4ccc5nsnc5c4)c3c2)C1,175.42,active
CHEMBL3654585,COc1cccc(F)c1CN1CCC[C@@H](NC(=O)c2ccc3[nH]nc(-c4ccc5nonc5c4)c3c2)C1,300.92,active
CHEMBL3654586,COc1cccc(F)c1CN1CCC[C@@H](NC(=O)c2ccc3[nH]nc(-c4ccc5nc(C(F)(F)F)nn5c4)c3c2)C1,822.31,active
CHEMBL3654587,COc1cccc(F)c1CN1CCC[C@@H](NC(=O)c2ccc3[nH]nc(-c4nc5ccccc5s4)c3c2)C1,296.49,active
CHEMBL3654588,COc1cccc(F)c1CN1C[C@H](NC(=O)c2ccc3[nH]nc(-c4ccc5nccn5c4)c3c2)CCC1=O,69.19,active
CHEMBL3654589,O=C(NC12CC1CCN(Cc1ccccc1)C2)c1ccc2[nH]nc(-c3ccc4nccn4c3)c2c1,199.62,active
CHEMBL3654590,CN(C)C(=O)[C@@H]1CC[C@@H](NC(=O)c2ccc3[nH]nc(-c4ccncc4)c3c2)CN1Cc1ccccc1,51.31,active
CHEMBL3654591,COc1ccccc1CCN1CCCCC(NC(=O)c2ccc3[nH]nc(-c4ccncc4)c3c2)C1,31.07,active
CHEMBL3654592,O=C(N[C@@H]1CC[C@@H](C(=O)NCc2ccccc2)N(Cc2ccccc2)C1)c1ccc2[nH]nc(-c3ccncc3)c2c1,47.53,active
CHEMBL3654593,CCNC(=O)[C@@H]1CC[C@@H](NC(=O)c2ccc3[nH]nc(-c4ccncc4)c3c2)CN1Cc1ccccc1,48.34,active
CHEMBL3654594,CC(C)C(NC(=O)[C@@H]1CC[C@@H](NC(=O)c2ccc3[nH]nc(-c4ccncc4)c3c2)CN1Cc1ccccc1)C(C)C,262.24,active
CHEMBL3654595,O=C(NC1CCCCN(CC2CCc3ccccc32)C1)c1ccc2[nH]nc(-c3ccncc3)c2c1,85.42,active
CHEMBL3654596,O=C(N[C@@H]1CC[C@H](C(=O)NCc2ccccc2)NC1)c1ccc2[nH]nc(-c3ccncc3)c2c1,371.03,active
CHEMBL3654597,O=C(N[C@@H]1CC[C@@H](C(=O)NCc2ccccc2)NC1)c1ccc2[nH]nc(-c3ccncc3)c2c1,119.93,active
CHEMBL3654598,COc1cccc(F)c1CN1C[C@@H](C)C[C@@H](NC(=O)c2ccc3[nH]nc(-c4ccc5nc(C)sc5c4)c3c2)C1,3.67,active
CHEMBL3654599,COc1cccc(F)c1CN1C[C@H](NC(=O)c2ccc3[nH]nc(-c4ccc5nccn5c4)c3c2)CC(F)(F)C1,23.91,active
CHEMBL3654600,O=C(N[C@H]1CN(Cc2c(F)cccc2F)CC(F)(F)C1)c1ccc2[nH]nc(-c3ccc4nccn4c3)c2c1,234.47,active
CHEMBL3654601,O=C(NC12CC1CCN(Cc1c(F)cccc1F)C2)c1ccc2[nH]nc(-c3ccc4nccn4c3)c2c1,136.21,active
CHEMBL3654602,COc1cccc(F)c1CN1CCC2CC2(NC(=O)c2ccc3[nH]nc(-c4ccc5nccn5c4)c3c2)C1,86.04,active
CHEMBL3654603,CN1C[C@H](NC(=O)c2ccc3[nH]nc(-c4ccncc4)c3c2)CC[C@H]1C(=O)NCc1ccccc1,350.19,active
CHEMBL3654604,COc1ccccc1CN1CC(NC(=O)c2ccc3[nH]nc(-c4ccncc4)c3c2)CC(F)(F)C1,167.2,active
CHEMBL3654605,Cc1cccc(C)c1CN1CC(NC(=O)c2ccc3[nH]nc(-c4ccncc4)c3c2)CC(F)(F)C1,456.88,active
CHEMBL3654606,COC(=O)[C@@H]1CC[C@@H](NC(=O)c2ccc3[nH]nc(-c4ccncc4)c3c2)CN1Cc1c(F)cccc1OC,40.53,active
CHEMBL3654607,COc1cccc(F)c1CN1C[C@@H](NC(=O)c2ccc3[nH]nc(-c4ccc5ncsc5c4)c3c2)C[C@@H](C)C1,15.23,active
CHEMBL3654608,Cn1cc2cc(-c3n[nH]c4ccc(C(=O)N[C@@H]5C[C@H](C(F)(F)F)CN(Cc6c(F)cccc6F)C5)cc34)ccc2n1,39.84,active
CHEMBL3654609,Cn1cc2cc(-c3n[nH]c4ccc(C(=O)N[C@H]5C[C@@H](C(F)(F)F)CN(Cc6c(F)cccc6F)C5)cc34)ccc2n1,374.85,active
CHEMBL3654610,COc1cccc(F)c1CN1C[C@H](NC(=O)c2ccc3[nH]nc(-c4ccncc4)c3c2)CCC1CO,3.58,active
CHEMBL3654611,O=C(N[C@@H]1CCCN(Cc2c(F)cccc2F)C1)c1ccc2[nH]nc(-c3ccncc3)c2c1,36.17,active
CHEMBL3654612,O=C(NC1CCCCN(CCc2c(F)cccc2F)C1)c1ccc2[nH]nc(-c3ccncc3)c2c1,43.29,active
CHEMBL3654613,COC[C@H]1CC[C@@H](NC(=O)c2ccc3[nH]nc(-c4ccncc4)c3c2)CN1Cc1c(F)cccc1OC,455.92,active
CHEMBL3654614,COc1cccc(F)c1CN1CCC[C@@H](NC(=O)c2ccc3[nH]nc(-c4ccncc4)c3c2)C1,13.91,active
CHEMBL3654615,COc1cccc(F)c1CN1C[C@@H](NC(=O)c2ccc3[nH]nc(-c4ccc5nsnc5c4)c3c2)C[C@@H](C)C1,73.64,active
CHEMBL3654616,COc1cccc(F)c1CC1C[C@H](C(F)(F)F)C[C@H](NC(=O)c2ccc3[nH]nc(-c4ccc5nn(C)cc5c4)c3c2)C1,809.77,active
CHEMBL3654617,COc1cccc(F)c1CN1C[C@@H](C)C[C@@H](NC(=O)c2ccc3[nH]nc(-c4ccn5ncnc5c4)c3c2)C1,15.14,active
CHEMBL3654618,COc1cccc(F)c1CN1C[C@@H](C)C[C@@H](NC(=O)c2ccc3[nH]nc(-c4ccc5nonc5c4)c3c2)C1,127.8,active
CHEMBL3654619,COc1cccc(F)c1CN1C[C@@H](C)C[C@@H](NC(=O)c2ccc3[nH]nc(-c4nc5ccccc5s4)c3c2)C1,61.33,active
CHEMBL3654620,Cn1cnnc1CN1CCC[C@@H](NC(=O)c2ccc3[nH]nc(-c4ccncc4)c3c2)C1,231.01,active
CHEMBL3654621,COCCOc1cccc(F)c1CN1CCC[C@@H](NC(=O)c2ccc3[nH]nc(-c4ccncc4)c3c2)C1,16.95,active
CHEMBL3654622,CNC(=O)[C@@H]1CC[C@@H](NC(=O)c2ccc3[nH]nc(-c4ccncc4)c3c2)CN1Cc1c(F)cccc1OC,2.41,active
CHEMBL3654623,CCOC(=O)C1CCN(Cc2ccccc2)CC1NC(=O)c1ccc2[nH]nc(-c3ccncc3)c2c1,191.34,active
CHEMBL3654624,O=C(NC1COCCN(CCc2c(F)cccc2F)C1)c1ccc2[nH]nc(-c3ccncc3)c2c1,20.76,active
CHEMBL3654625,O=C(NC1COCCN(CCc2ccccc2F)C1)c1ccc2[nH]nc(-c3ccncc3)c2c1,9.84,active
CHEMBL3654626,O=C(NC1COCCN(CCc2cccc(F)c2)C1)c1ccc2[nH]nc(-c3ccncc3)c2c1,61.6,active
CHEMBL3654627,Cc1cc(-c2n[nH]c3ccc(C(=O)NC4CC[C@H]5CC[C@@H]4N5Cc4ccccc4F)cc23)ccn1,9.1,active
CHEMBL3654628,COc1cccc(F)c1CN1C2CCC(NC(=O)c3ccc4[nH]nc(-c5ccnc(C)c5)c4c3)C1CC2,20.4,active
CHEMBL3654629,COc1cccc(F)c1CN1C[C@H](NC(=O)c2ccc3[nH]nc(-c4ccncc4)c3c2)CC[C@H]1C(=O)N(C)C,18.2,active
CHEMBL3654630,COc1cccc(F)c1CN1C[C@H](NC(=O)c2ccc3[nH]nc(-c4ccncc4)c3c2)CC[C@H]1C(N)=O,1.7,active
CHEMBL3654631,CCN(CC)C(=O)[C@@H]1CC[C@@H](NC(=O)c2ccc3[nH]nc(-c4ccncc4)c3c2)CN1Cc1c(F)cccc1OC,18.4,active
CHEMBL3654632,COc1cccc(F)c1CN1C[C@H](NC(=O)c2ccc3[nH]nc(-c4ccncc4)c3c2)CC[C@H]1C(=O)N1CCCCC1,59.9,active
CHEMBL3654633,COc1cccc(F)c1CN1C[C@H](NC(=O)c2ccc3[nH]nc(-c4ccncc4)c3c2)CC[C@H]1C(=O)N1CCCC1,35.5,active
CHEMBL3654634,COc1cccc(F)c1CN1C[C@H](NC(=O)c2ccc3[nH]nc(-c4ccncc4)c3c2)CC[C@H]1C(=O)N1CCC(F)(F)CC1,35.0,active
CHEMBL3654635,COc1cccc(F)c1CN1C[C@H](NC(=O)c2ccc3[nH]nc(-c4ccnc(C)c4)c3c2)CC[C@H]1C(=O)N(C)C,37.8,active
CHEMBL3654636,CCN(CC)C(=O)[C@@H]1CC[C@@H](NC(=O)c2ccc3[nH]nc(-c4ccnc(C)c4)c3c2)CN1Cc1c(F)cccc1OC,16.2,active
CHEMBL3654637,COc1cccc(F)c1CN1C[C@H](NC(=O)c2ccc3[nH]nc(-c4ccnc(C)c4)c3c2)CC[C@H]1C(=O)N1CC(F)(F)C1,14.8,active
CHEMBL3654638,COc1cccc(F)c1CN1C[C@H](NC(=O)c2ccc3[nH]nc(-c4ccnc(C)c4)c3c2)CC[C@H]1C(=O)N1CCC1,34.9,active
CHEMBL3654639,COc1cccc(F)c1CN1C[C@H](NC(=O)c2ccc3[nH]nc(-c4ccnc(C)c4)c3c2)CC[C@H]1C(=O)N1CCOCC1,18.2,active
CHEMBL3654640,COc1cccc(F)c1CN1C[C@H](NC(=O)c2ccc3[nH]nc(-c4ccnc(C)c4)c3c2)CC[C@H]1C(=O)NCCOCc1ccccc1,120.6,active
CHEMBL3654641,COCCNC(=O)[C@@H]1CC[C@@H](NC(=O)c2ccc3[nH]nc(-c4ccnc(C)c4)c3c2)CN1Cc1c(F)cccc1OC,56.7,active
CHEMBL3654642,COc1cccc(F)c1CN1C[C@H](NC(=O)c2ccc3[nH]nc(-c4ccnc(C)c4)c3c2)CC[C@H]1C(=O)NC(C)C,46.5,active
CHEMBL3654643,COc1cccc(F)c1CN1C[C@H](NC(=O)c2ccc3[nH]nc(-c4ccnc(C)c4)c3c2)CC[C@H]1C(=O)NC1CCCC1,105.0,active
CHEMBL3654644,COc1cccc(F)c1CN1C[C@H](NC(=O)c2ccc3[nH]nc(-c4ccnc(C)c4)c3c2)CC[C@H]1C(=O)NCCO,5.6,active
CHEMBL3654645,CCCN(CCC)C(=O)[C@@H]1CC[C@@H](NC(=O)c2ccc3[nH]nc(-c4ccnc(C)c4)c3c2)CN1Cc1c(F)cccc1OC,141.4,active
CHEMBL3654646,CCCCN(CCCC)C(=O)[C@@H]1CC[C@@H](NC(=O)c2ccc3[nH]nc(-c4ccnc(C)c4)c3c2)CN1Cc1c(F)cccc1OC,502.0,active
CHEMBL3654647,CCN(C)C(=O)[C@@H]1CC[C@@H](NC(=O)c2ccc3[nH]nc(-c4ccnc(C)c4)c3c2)CN1Cc1c(F)cccc1OC,21.8,active
CHEMBL3654648,CCCN(C)C(=O)[C@@H]1CC[C@@H](NC(=O)c2ccc3[nH]nc(-c4ccnc(C)c4)c3c2)CN1Cc1c(F)cccc1OC,57.0,active
CHEMBL3654649,CCN(CC)C(=O)[C@@H]1CC[C@@H](NC(=O)c2ccc3[nH]nc(-c4ccnc(C)c4)c3c2)CN1Cc1c(F)cccc1F,80.7,active
CHEMBL3654650,Cc1cc(-c2n[nH]c3ccc(C(=O)N[C@@H]4CC[C@@H](C(=O)N(C)C)N(Cc5c(F)cccc5F)C4)cc23)ccn1,74.0,active
CHEMBL3654651,Cc1cc(-c2n[nH]c3ccc(C(=O)N[C@@H]4CC[C@@H](C(=O)N5CC(F)(F)C5)N(Cc5c(F)cccc5F)C4)cc23)ccn1,96.5,active
CHEMBL3654652,Cc1cc(-c2n[nH]c3ccc(C(=O)N[C@@H]4CC[C@@H](C(=O)N(C)C)N(Cc5ccccc5F)C4)cc23)ccn1,39.4,active
CHEMBL3654653,CCN(CC)C(=O)[C@@H]1CC[C@@H](NC(=O)c2ccc3[nH]nc(-c4ccnc(C)c4)c3c2)CN1Cc1ccccc1F,20.1,active
CHEMBL3654654,Cc1cc(-c2n[nH]c3ccc(C(=O)N[C@@H]4CC[C@@H](C(=O)N5CC(F)(F)C5)N(Cc5ccccc5F)C4)cc23)ccn1,56.6,active
CHEMBL3654655,Cc1cc(-c2n[nH]c3ccc(C(=O)N[C@@H]4CC[C@@H](C(=O)N(C)C)N(Cc5cccs5)C4)cc23)ccn1,14.4,active
CHEMBL3654656,Cc1cc(-c2n[nH]c3ccc(C(=O)N[C@@H]4CC[C@@H](C(=O)N5CC(F)(F)C5)N(Cc5cccs5)C4)cc23)ccn1,25.8,active
CHEMBL3654657,CCN(CC)C(=O)[C@@H]1CC[C@@H](NC(=O)c2ccc3[nH]nc(-c4ccnc(C)c4)c3c2)CN1Cc1cccs1,28.2,active
CHEMBL3654658,COc1cccc(F)c1CN1C[C@H](NC(=O)c2ccc3[nH]nc(-c4ccc5nn(C)cc5c4)c3c2)CC[C@H]1C(=O)N(C)C,15.9,active
CHEMBL3639535,CCN(CC)C(=O)[C@@H]1CC[C@@H](NC(=O)c2ccc3[nH]nc(-c4ccc5nn(C)cc5c4)c3c2)CN1Cc1c(F)cccc1OC,39.4,active
CHEMBL3654659,COc1cccc(F)c1CN1C[C@H](NC(=O)c2ccc3[nH]nc(-c4ccc5nn(C)cc5c4)c3c2)CC[C@H]1C(=O)N1CC(F)(F)C1,22.8,active
CHEMBL3654660,COc1cccc(F)c1CN1C[C@H](NC(=O)c2ccc3[nH]nc(-c4ccc5nc(C)sc5c4)c3c2)CC[C@H]1C(=O)N(C)C,48.0,active
CHEMBL3654661,COc1cccc(F)c1CN1C[C@H](NC(=O)c2ccc3[nH]nc(-c4ccc5nn(C)cc5c4)c3c2)CC[C@H]1C(=O)Nc1nccs1,112.7,active
CHEMBL3654662,Cc1cc(-c2n[nH]c3ccc(C(=O)N[C@@H]4CC[C@@H](C(=O)N(C)C)N(CCc5ccccc5)C4)cc23)ccn1,131.3,active
CHEMBL3654663,CCN(CC)C(=O)[C@@H]1CC[C@@H](NC(=O)c2ccc3[nH]nc(-c4ccnc(C)c4)c3c2)CN1CCc1ccccc1,157.8,active
CHEMBL3654664,Cc1cc(-c2n[nH]c3ccc(C(=O)N[C@@H]4CC[C@@H](C(=O)N5CC(F)(F)C5)N(CCc5ccccc5)C4)cc23)ccn1,232.2,active
CHEMBL3654665,Cc1cc(-c2n[nH]c3ccc(C(=O)N[C@@H]4CC[C@@H](C(=O)Nc5nccs5)N(CCc5ccccc5)C4)cc23)ccn1,132.7,active
CHEMBL3654666,CCN(CC)C(=O)[C@@H]1CC[C@@H](NC(=O)c2ccc3[nH]nc(-c4ccc5nc(C)sc5c4)c3c2)CN1Cc1c(F)cccc1OC,32.9,active
CHEMBL3658416,COc1cccc(F)c1CN1C[C@H](NC(=O)c2ccc3[nH]nc(-c4ccc5nc(C)sc5c4)c3c2)CC[C@H]1C(=O)N1CC(F)(F)C1,47.4,active
CHEMBL3658417,COc1cccc(F)c1CN1C[C@H](NC(=O)c2ccc3[nH]nc(-c4ccc5nc(C)sc5c4)c3c2)CC[C@H]1C(N)=O,3.6,active
CHEMBL3658418,COc1cccc(F)c1CN1C[C@H](NC(=O)c2ccc3[nH]nc(-c4ccnc(C)c4)c3c2)CC[C@H]1C(N)=O,1.0,active
CHEMBL3658419,COc1cccc(F)c1CN1C[C@H](NC(=O)c2ccc3[nH]nc(-c4ccnc(C)c4)c3c2)CC[C@H]1C(=O)NN,1.0,active
CHEMBL3658420,COc1cccc(F)c1CN1C[C@H](NC(=O)c2ccc3[nH]nc(-c4ccnc(C)c4)c3c2)CC[C@H]1C(=O)NN(C)C,12.2,active
CHEMBL3639572,COc1cccc(F)c1CN1C[C@H](NC(=O)c2ccc3[nH]nc(-c4ccnc(C)c4)c3c2)CC[C@H]1C(=O)N1CCN(C(=O)OC(C)(C)C)CC1,7.0,active
CHEMBL3658421,COc1cccc(F)c1CN1C[C@H](NC(=O)c2ccc3[nH]nc(-c4ccnc(C)c4)c3c2)CC[C@H]1C(=O)NCCCCl,11.8,active
CHEMBL3658422,COc1cccc(F)c1CN1C[C@H](NC(=O)c2ccc3[nH]nc(-c4ccnc(C)c4)c3c2)CC[C@H]1C(=O)N1CCC(Cl)CC1,48.3,active
CHEMBL3658423,COc1cccc(F)c1CN1C[C@H](NC(=O)c2ccc3[nH]nc(-c4ccnc(C)c4)c3c2)CC[C@H]1C(=O)N(C)OC,11.2,active
CHEMBL3658424,CNNC(=O)[C@@H]1CC[C@@H](NC(=O)c2ccc3[nH]nc(-c4ccnc(C)c4)c3c2)CN1Cc1c(F)cccc1OC,20.2,active
CHEMBL3658425,COc1cccc(F)c1CN1C[C@H](NC(=O)c2ccc3[nH]nc(-c4ccnc(C)c4)c3c2)CC[C@H]1C(=O)N1CCNCC1,30.0,active
CHEMBL3658426,CCNC(=O)N1CCN(C(=O)[C@@H]2CC[C@@H](NC(=O)c3ccc4[nH]nc(-c5ccnc(C)c5)c4c3)CN2Cc2c(F)cccc2OC)CC1,16.4,active
CHEMBL3658427,CNC(=O)[C@@H]1CC[C@@H](NC(=O)c2ccc3[nH]nc(-c4ccnc(C)c4)c3c2)CN1Cc1c(F)cccc1OC,2.7,active
CHEMBL3658428,CNC(=S)NNC(=O)[C@@H]1CC[C@@H](NC(=O)c2ccc3[nH]nc(-c4ccnc(C)c4)c3c2)CN1Cc1c(F)cccc1OC,1.0,active
CHEMBL3658429,COc1cccc(F)c1CN1C[C@H](NC(=O)c2ccc3[nH]nc(-c4ccnnc4)c3c2)CC[C@H]1C(=O)N(C)C,136.6,active
CHEMBL3658430,COc1cccc(F)c1CN1C[C@H](NC(=O)c2ccc3[nH]nc(-c4ccnc(C)c4)c3c2)CC[C@H]1C(=O)NCCF,9.0,active
CHEMBL3658431,COc1cccc(F)c1CN1C[C@H](NC(=O)c2ccc3[nH]nc(-c4ccnc(C)c4)c3c2)CC[C@H]1C(=O)NCC(F)(F)F,46.5,active
CHEMBL3658432,CCN(CC)C(=O)[C@@H]1CC[C@@H](NC(=O)c2ccc3[nH]nc(-c4ccnnc4)c3c2)CN1Cc1c(F)cccc1OC,136.7,active
CHEMBL3658433,COc1cccc(F)c1CN1C[C@H](NC(=O)c2ccc3[nH]nc(-c4ccnnc4)c3c2)CC[C@H]1C(=O)N1CC(F)(F)C1,61.2,active
CHEMBL3658434,COc1cccc(F)c1CN1C[C@H](NC(=O)c2ccc3[nH]nc(-c4ccnc(C)c4)c3c2)CC[C@H]1C(=O)N1CCCO1,10.5,active
CHEMBL3658435,COc1cccc(F)c1CN1C[C@H](NC(=O)c2ccc3[nH]nc(-c4ccnc(C)c4)c3c2)CC[C@H]1C(=O)N1CCCCO1,9.6,active
CHEMBL3658436,COc1cccc(F)c1CN1C[C@H](NC(=O)c2ccc3[nH]nc(-c4ccnc(C)c4)c3c2)CC[C@H]1C(=O)N1CCN(C)CC1,32.5,active
CHEMBL3658437,COc1cccc(F)c1CN1C[C@H](NC(=O)c2ccc3[nH]nc(-c4ccnc(C)c4)c3c2)CC[C@H]1C(=O)N1CCN(C(C)=O)CC1,19.1,active
CHEMBL3658438,COC(=O)N1CCN(C(=O)[C@@H]2CC[C@@H](NC(=O)c3ccc4[nH]nc(-c5ccnc(C)c5)c4c3)CN2Cc2c(F)cccc2OC)CC1,17.9,active
CHEMBL3658439,CCOC(=O)N1CCN(C(=O)[C@@H]2CC[C@@H](NC(=O)c3ccc4[nH]nc(-c5ccnc(C)c5)c4c3)CN2Cc2c(F)cccc2OC)CC1,20.5,active
CHEMBL3658440,COc1cccc(F)c1CN1C[C@H](NC(=O)c2ccc3[nH]nc(-c4ccnc(C)c4)c3c2)CC[C@H]1C(=O)NCCNC(=O)OC(C)(C)C,18.9,active
CHEMBL3658441,COc1cccc(F)c1CN1C[C@H](NC(=O)c2ccc3[nH]nc(-c4ccnc(C)c4)c3c2)CC[C@H]1C(=O)NCCCNC(=O)OC(C)(C)C,16.9,active
CHEMBL3658442,COc1cccc(F)c1CN1C[C@H](NC(=O)c2ccc3[nH]nc(-c4ccnc(C)c4)c3c2)CC[C@H]1C(=O)N1CCN(C(=O)OC2(C)CC2)CC1,22.1,active
CHEMBL3658443,COc1cccc(F)c1CN1C[C@H](NC(=O)c2ccc3[nH]nc(-c4ccnc(C)c4)c3c2)CC[C@H]1C(=O)N1CC(O[Si](C)(C)C(C)(C)C)CO1,72.5,active
CHEMBL3658444,COc1cccc(F)c1CN1C[C@H](NC(=O)c2ccc3[nH]nc(-c4ccnc(C)c4)c3c2)CC[C@H]1C(=O)NOC(C)(C)C,26.2,active
CHEMBL3658445,COc1cccc(F)c1CN1C[C@H](NC(=O)c2ccc3[nH]nc(-c4ccnc(C)c4)c3c2)CC[C@H]1C(=O)N(C)CCCCNC(=O)OC(C)(C)C,90.3,active
CHEMBL3658446,COc1cccc(F)c1CN1C[C@H](NC(=O)c2ccc3[nH]nc(-c4ccnc(C)c4)c3c2)CC[C@H]1C(=O)N1CCN(C(=O)OC2CCCC2)CC1,31.0,active
CHEMBL3658447,COc1cccc(F)c1CN1C[C@H](NC(=O)c2ccc3[nH]nc(-c4ccnc(C)c4)c3c2)CC[C@H]1C(=O)N1CCN(C(=O)OC(C)C)CC1,19.1,active
CHEMBL3658448,COc1cccc(F)c1CN1C[C@H](NC(=O)c2ccc3[nH]nc(-c4ccnc(C)c4)c3c2)CC[C@H]1C(=O)N1CCN(C(=O)OC2CCOCC2)CC1,18.8,active
CHEMBL3658449,CN1CC(Cc2ccccc2)CC(NC(=O)c2ccc3[nH]nc(-c4ccncc4)c3c2)C1,8.34,active
CHEMBL3658450,CN1CC(Cc2c(F)cccc2F)CC(NC(=O)c2ccc3[nH]nc(-c4ccc5nn(C)cc5c4)c3c2)C1,1.395,active
CHEMBL3658451,CCN1CC(Cc2c(F)cccc2F)CC(NC(=O)c2ccc3[nH]nc(-c4ccc5nn(C)cc5c4)c3c2)C1,3.09,active
CHEMBL3658452,Cc1cc(-c2n[nH]c3ccc(C(=O)NC4CC(Cc5c(F)cccc5F)CN(C)C4)cc23)ccn1,4.805,active
CHEMBL3658453,Cc1nc2ccc(-c3n[nH]c4ccc(C(=O)N[C@@H]5C[C@H](Cc6c(F)cccc6F)CN(C)C5)cc34)cn2n1,1.45,active
CHEMBL3658454,Cc1nc2ccc(-c3n[nH]c4ccc(C(=O)N[C@@H]5C[C@@H](Cc6c(F)cccc6F)CN(C)C5)cc34)cn2n1,47.6,active
CHEMBL3658455,CN1C[C@@H](NC(=O)c2ccc3[nH]nc(-c4ccn5ccnc5c4)c3c2)C[C@@H](Cc2c(F)cccc2F)C1,1.59,active
CHEMBL3658456,CN1C[C@@H](Cc2c(F)cccc2F)C[C@H](NC(=O)c2ccc3[nH]nc(-c4ccn5ccnc5c4)c3c2)C1,149.95,active
CHEMBL3658457,CN1CC(Cc2c(F)cccc2F)CC(NC(=O)c2ccc3[nH]nc(-c4ccn5ncnc5c4)c3c2)C1,3.83,active
CHEMBL3658458,CN1C[C@@H](Cc2c(F)cccc2F)C[C@@H](NC(=O)c2ccc3[nH]nc(-c4ccc5nonc5c4)c3c2)C1,8.82,active
CHEMBL3658459,CN1C[C@H](Cc2c(F)cccc2F)C[C@@H](NC(=O)c2ccc3[nH]nc(-c4ccc5nonc5c4)c3c2)C1,1000.0,active
CHEMBL3658460,CN1CC(Cc2c(F)cccc2F)CC(NC(=O)c2ccc3[nH]nc(-c4nc5ccccc5s4)c3c2)C1,22.45,active
CHEMBL3658461,CN1CC(Cc2c(F)cccc2F)CC(NC(=O)c2ccc3[nH]nc(-c4ccc5ncsc5c4)c3c2)C1,2.715,active
CHEMBL3658462,CN1CC(Cc2c(F)cccc2F)CC(NC(=O)c2ccc3[nH]nc(-c4ccc5nsnc5c4)c3c2)C1,3.23,active
CHEMBL3658463,Cn1cc2cc(-c3n[nH]c4ccc(C(=O)N[C@H]5CCN[C@H](Cc6ccccc6)C5)cc34)ccc2n1,33.8,active
CHEMBL3658464,NC(=O)C(c1ccccc1F)N1CCC[C@@H](NC(=O)c2ccc3[nH]nc(-c4ccncc4)c3c2)C1,72.2,active
CHEMBL3658465,CNC(=O)C(c1ccccc1F)N1CCC[C@@H](NC(=O)c2ccc3[nH]nc(-c4ccncc4)c3c2)C1,174.9,active
CHEMBL3658466,NC(=O)C(c1c(F)cccc1F)N1CCC[C@@H](NC(=O)c2ccc3[nH]nc(-c4ccncc4)c3c2)C1,222.5,active
CHEMBL3658467,CNC(=O)C(c1c(F)cccc1F)N1CCC[C@@H](NC(=O)c2ccc3[nH]nc(-c4ccncc4)c3c2)C1,450.8,active
CHEMBL3658468,CN(C)C(=O)C(c1c(F)cccc1F)N1CCC[C@@H](NC(=O)c2ccc3[nH]nc(-c4ccncc4)c3c2)C1,416.0,active
CHEMBL3658469,CN(C)C(=O)C(c1ccccc1F)N1CCC[C@@H](NC(=O)c2ccc3[nH]nc(-c4ccncc4)c3c2)C1,26.4,active
CHEMBL3658470,COC(=O)[C@@H](c1c(F)cccc1F)N1CCC[C@@H](NC(=O)c2ccc3[nH]nc(-c4ccncc4)c3c2)C1,2205.0,intermediate
CHEMBL3703704,Cc1cc(-c2n[nH]c3cc(NC(=O)NC4CCCNC4)ncc23)ccn1,3.13,active
CHEMBL3703705,COc1cccc(F)c1CN1CCC[C@H](NC(=O)Nc2cc3[nH]nc(-c4ccnc(C)c4)c3cn2)C1,36.63,active
CHEMBL3703706,COc1cccc(F)c1CN1CCCC(NC(=O)Nc2cc3[nH]nc(-c4ccnc(C)c4)c3cn2)C1,1.119,active
CHEMBL3703707,Cc1cc(-c2n[nH]c3cc(NC(=O)NCCc4ccccc4)ncc23)ccn1,0.5018,active
CHEMBL3703708,Cc1cc(-c2n[nH]c3cc(NC(=O)N[C@@H](C)c4ccccc4)ncc23)ccn1,38.29,active
CHEMBL3703709,Cc1cc(-c2n[nH]c3cc(NC(=O)NCc4ccc(Cl)c(Cl)c4)ncc23)ccn1,0.5162,active
CHEMBL3703710,Cc1cc(-c2n[nH]c3cc(NC(=O)NC(CO)c4ccccc4)ncc23)ccn1,0.2153,active
CHEMBL3703711,Cc1cc(-c2n[nH]c3cc(NC(=O)N[C@@H](C)c4ccc(F)cc4)ncc23)ccn1,0.1524,active
CHEMBL3703712,Cc1cc(-c2n[nH]c3cc(NC(=O)NCc4ccncc4)ncc23)ccn1,3.724,active
CHEMBL3703713,Cc1cc(-c2n[nH]c3cc(NC(=O)NCc4nnc(C)o4)ncc23)ccn1,10.23,active
CHEMBL3703714,Cc1cc(-c2n[nH]c3cc(NC(=O)NCc4cccnc4)ncc23)ccn1,1.161,active
CHEMBL3654667,Cc1cc(-c2n[nH]c3cc(NC(=O)N[C@@H](c4ccccc4)C(F)(F)F)ncc23)ccn1,3.779,active
CHEMBL3654668,Cc1cc(-c2n[nH]c3cc(NC(=O)N[C@@H](CO)c4ccccc4)ncc23)ccn1,107.7,active
CHEMBL3654669,Cc1cc(-c2n[nH]c3cc(NC(=O)N[C@H](c4ccccc4)C(F)(F)F)ncc23)ccn1,9.462,active
CHEMBL3654670,Cc1cc(-c2n[nH]c3cc(NC(=O)N[C@H](C)c4ccc(Cl)cc4)ncc23)ccn1,0.296,active
CHEMBL3654671,C[C@@H](NC(=O)Nc1cc2[nH]nc(C3=CCOCC3)c2cn1)c1ccccc1,0.5369,active
CHEMBL3654672,COCCCc1n[nH]c2cc(NC(=O)N[C@H](C)c3ccccc3)ncc12,2.232,active
CHEMBL3654673,CCCc1n[nH]c2cc(NC(=O)N[C@H](C)c3ccccc3)ncc12,0.9192,active
CHEMBL3654674,Cc1cc(-c2n[nH]c3cc(NC(N)=O)ncc23)ccn1,2.223,active
CHEMBL3654675,C[C@@H](NC(=O)Nc1cc2[nH]ncc2cn1)c1ccc(F)cc1,682.2,active
CHEMBL3654677,Cc1cc(-c2n[nH]c3cc(NC(=O)NCc4ccc(Cl)cc4)ncc23)ccn1,0.4572,active
CHEMBL4110435,O=C(N[C@H]1CNC[C@@H]1c1ccccc1)N1CCc2[nH]nc(-c3ccncc3)c2C1,1.16,active
CHEMBL3966446,Cc1ccccc1[C@@H]1CN(C)C[C@H]1NC(=O)N1CCc2[nH]nc(-c3ccncc3)c2C1,0.89,active
CHEMBL4114639,O=C(N[C@@H]1CCCN(Cc2ccccc2F)C1)N1CCc2[nH]nc(-c3ccncc3)c2C1,0.65,active
CHEMBL4109581,COc1cccc(F)c1CN1CCC[C@@H](NC(=O)N2CCc3[nH]nc(-c4ccncc4)c3C2)C1,3.8,active
CHEMBL4111882,O=C(N[C@@H]1CCCN(Cc2c(F)cccc2F)C1)N1CCc2[nH]nc(-c3ccncc3)c2C1,1.97,active
CHEMBL4107742,O=C(N[C@@H]1CCCN(Cc2csc3ccccc23)C1)N1CCc2[nH]nc(-c3ccncc3)c2C1,0.5,active
CHEMBL4108021,Cc1ccsc1CN1CCC[C@@H](NC(=O)N2CCc3[nH]nc(-c4ccncc4)c3C2)C1,1.98,active
CHEMBL4108732,Cc1ccc(CN2CCC[C@@H](NC(=O)N3CCc4[nH]nc(-c5ccncc5)c4C3)C2)s1,1.78,active
CHEMBL4114164,Cn1cc(CN2CCC[C@@H](NC(=O)N3CCc4[nH]nc(-c5ccncc5)c4C3)C2)c2ccccc21,1.24,active
CHEMBL4110333,Cn1c(CN2CCC[C@@H](NC(=O)N3CCc4[nH]nc(-c5ccncc5)c4C3)C2)cc2ccccc21,0.3,active
CHEMBL4108740,CC(=O)n1cc(CN2CCC[C@@H](NC(=O)N3CCc4[nH]nc(-c5ccncc5)c4C3)C2)c2ccccc21,2.01,active
CHEMBL4115451,O=C(N[C@@H]1CCCN(Cc2ccccc2Cl)C1)N1CCc2[nH]nc(-c3ccncc3)c2C1,2.4,active
CHEMBL4111090,Cc1cccc(C)c1CN1CCC[C@@H](NC(=O)N2CCc3[nH]nc(-c4ccncc4)c3C2)C1,2.07,active
CHEMBL3963762,Cc1cc(-c2n[nH]c3c2CN(C(=O)NC2CCCN(Cc4c(C)cccc4C)C2)CC3)ccn1,6.3,active
CHEMBL4107781,Cc1cc(-c2n[nH]c3c2CN(C(=O)N[C@@H]2CCCN(Cc4cccc5ccccc45)C2)CC3)ccn1,3.7,active
CHEMBL4106627,O=C(N[C@@H]1CCCN(Cc2csc3ccccc23)C1)N1CCc2[nH]nc(-c3ccc4nccn4c3)c2C1,3.0,active
CHEMBL4108876,Cc1cccc(C)c1CN1CCC[C@@H](NC(=O)N2CCc3[nH]nc(-c4ccc5nccn5c4)c3C2)C1,5.3,active
CHEMBL4110299,O=C(N[C@@H]1CCCN(Cc2cccc3ccccc23)C1)N1CCc2[nH]nc(-c3ccc4nccn4c3)c2C1,3.1,active
CHEMBL4112238,COc1cccc(F)c1CN1CCC[C@@H](NC(=O)N2CCc3[nH]nc(-c4ccc5nccn5c4)c3C2)C1,4.2,active
CHEMBL3982108,COc1cccc(F)c1CN1CC(NC(=O)N2CCc3[nH]nc(-c4ccnc(C)c4)c3C2)CC(C(F)(F)F)C1,4.3,active
CHEMBL3911391,Cc1ccccc1C1CN(C)CC1NC(=O)N1CCc2[nH]nc(-c3ccc4c(c3)CCO4)c2C1,1.52,active
CHEMBL3914123,CCn1cc(-c2n[nH]c3c2CN(C(=O)NC2CN(C)CC2c2ccccc2C)CC3)cn1,1.9,active
CHEMBL3958148,Cc1cc(-c2n[nH]c3ccc(C(=O)NC4CCCC(O)(Cc5ccccc5F)C4)cc23)ccn1,588.9,active
CHEMBL3981341,Cc1cc(-c2n[nH]c3ccc(C(=O)NC4CCCC(O)(Cc5c(F)cccc5F)C4)cc23)ccn1,1000.0,active
CHEMBL3926168,O=C(NC1CCCC(O)(Cc2ccccc2F)C1)c1ccc2[nH]nc(-c3ccc4nccn4c3)c2c1,48.7,active
CHEMBL3953001,O=C(NC1CCCC(O)(Cc2ccccc2F)C1)c1ccc2[nH]nc(-c3ccc4ncsc4c3)c2c1,1000.0,active
CHEMBL4108152,Cc1nc2ccc(-c3n[nH]c4ccc(C(=O)N[C@@H]5CCC[C@](O)(Cc6ccccc6F)C5)cc34)cn2n1,14.4,active
CHEMBL4106582,Cc1nc2ccc(-c3n[nH]c4ccc(C(=O)N[C@@H]5CCC[C@](O)(Cc6ccccc6F)C5)cc34)cc2s1,19.9,active
CHEMBL4111195,Cc1nc2ccc(-c3n[nH]c4ccc(C(=O)N[C@@H]5CCC[C@](O)(Cc6c(F)cccc6F)C5)cc34)cc2s1,15.4,active
CHEMBL4110567,O=C(N[C@@H]1CCC[C@](O)(Cc2ccccc2F)C1)c1ccc2[nH]nc(-c3ccc4nccn4c3)c2c1,8.6,active
CHEMBL4109427,CC(C)Oc1cc(-c2n[nH]c3ccc(C(=O)N[C@@H]4CCC[C@](O)(Cc5ccccc5F)C4)cc23)ccn1,301.0,active
CHEMBL4107155,CC(C)Oc1ccc(-c2n[nH]c3ccc(C(=O)N[C@@H]4CCC[C@](O)(Cc5ccccc5F)C4)cc23)cn1,44.9,active
CHEMBL4110797,CC(C)Oc1ccc(-c2n[nH]c3ccc(C(=O)N[C@@H]4CCC[C@](O)(Cc5c(F)cccc5F)C4)cc23)cn1,139.8,active
CHEMBL4111315,Cn1cc2cc(-c3n[nH]c4ccc(C(=O)N[C@@H]5CCC[C@](O)(Cc6c(F)cccc6F)C5)cc34)ccc2n1,12.1,active
CHEMBL4113022,O=C(N[C@@H]1CCC[C@](O)(Cc2c(F)cccc2F)C1)c1ccc2[nH]nc(-c3ccc4ncsc4c3)c2c1,33.9,active
CHEMBL4110189,Cc1nc2ccc(-c3n[nH]c4ccc(C(=O)N[C@@H]5CCC[C@](O)(Cc6c(F)cccc6F)C5)cc34)cn2n1,20.9,active
CHEMBL4110990,COc1cccc(F)c1C[C@@]1(O)CCC[C@@H](NC(=O)c2ccc3[nH]nc(-c4ccnc(C)c4)c3c2)C1,2.0,active
CHEMBL4107514,COc1cccc(F)c1C[C@@]1(O)CCC[C@@H](NC(=O)c2ccc3[nH]nc(-c4ccc5nccn5c4)c3c2)C1,2.2,active
CHEMBL4108204,COc1cccc(F)c1C[C@@]1(O)CCC[C@@H](NC(=O)c2ccc3[nH]nc(-c4ccc5nc(C)sc5c4)c3c2)C1,8.9,active
CHEMBL4108553,COc1cccc(F)c1C[C@@]1(O)CCC[C@@H](NC(=O)c2ccc3[nH]nc(-c4ccnc(OC(C)C)c4)c3c2)C1,332.6,active
CHEMBL4112903,COc1cccc(F)c1C[C@@]1(O)CCC[C@@H](NC(=O)c2ccc3[nH]nc(-c4ccc(OC(C)C)cc4)c3c2)C1,79.0,active
CHEMBL3959940,Cc1cc(-c2n[nH]c3ccc(C(=O)NC4CCCC(Oc5ccccc5F)C4)cc23)ccn1,61.0,active
CHEMBL3894043,Cc1cc(-c2n[nH]c3ccc(C(=O)NC4CCCC(Oc5ccccc5Cl)C4)cc23)ccn1,1000.0,active
CHEMBL3969766,Cc1cc(-c2n[nH]c3ccc(C(=O)NC4CCCC(Oc5c(C)cccc5C)C4)cc23)ccn1,469.1,active
CHEMBL3940223,Cc1cc(-c2n[nH]c3ccc(C(=O)NC4CCCC(Oc5c(F)cccc5F)C4)cc23)ccn1,572.7,active
CHEMBL3946705,Cc1cc(-c2n[nH]c3ccc(C(=O)NN4CCCC(Oc5ccccc5Cl)C4)cc23)ccn1,40.4,active
CHEMBL3895163,Cc1cc(-c2n[nH]c3ccc(C(=O)NC4CCCC(Oc5ccc(F)cc5F)C4)cc23)ccn1,128.2,active
CHEMBL3980771,COC1(Cc2ccccc2F)CCCC(NC(=O)c2ccc3[nH]nc(-c4ccnc(C)c4)c3c2)C1,28.5,active
CHEMBL3972747,Cc1cc(-c2n[nH]c3ccc(C(=O)NC4CCCC(CO)(Oc5ccccc5)C4)cc23)ccn1,98.9,active
CHEMBL3905143,Cc1cc(-c2n[nH]c3ccc(C(=O)NC4CCCC(Oc5cccc(F)c5)(C(N)=O)C4)cc23)ccn1,11.2,active
CHEMBL3967429,Cc1cc(-c2n[nH]c3ccc(C(=O)NC4CCCC(CO)(Oc5cccc(F)c5)C4)cc23)ccn1,13.4,active
CHEMBL3981755,Cc1cc(-c2n[nH]c3ccc(C(=O)NC4CCCC(O)(C(F)(F)c5ccccc5)C4)cc23)ccn1,629.6,active
CHEMBL3897882,Cc1cc(-c2n[nH]c3ccc(C(=O)NC4CCCC(O)(C(=O)c5ccccc5)C4)cc23)ccn1,576.7,active
CHEMBL3986707,Cc1cc(-c2n[nH]c3ccc(C(=O)NC4CCCC(O)(C(O)c5ccccc5)C4)cc23)ccn1,25.0,active
CHEMBL3974317,Cc1cc(-c2n[nH]c3ccc(C(=O)NC4CCCC(F)(Cc5ccccc5F)C4)cc23)ccn1,1000.0,active
CHEMBL4112228,Cc1cc(-c2n[nH]c3ccc(C(=O)N[C@@H]4CCCC(F)(Cc5ccccc5F)C4)cc23)ccn1,1000.0,active
CHEMBL4112810,Cn1cc2cc(-c3n[nH]c4ccc(C(=O)N[C@@H]5CCC[C@@](O)(Cn6ccnc6)C5)cc34)ccc2n1,37.8,active
CHEMBL4111030,Cn1cc2cc(-c3n[nH]c4ccc(C(=O)N[C@@H]5CCC[C@](O)(Cn6ccnc6)C5)cc34)ccc2n1,62.0,active
CHEMBL4111995,Cn1cc2cc(-c3n[nH]c4ccc(C(=O)N[C@@H]5CCC[C@](O)(Cn6cccn6)C5)cc34)ccc2n1,67.4,active
CHEMBL4109849,Cn1cc2cc(-c3n[nH]c4ccc(C(=O)N[C@@H]5CCC[C@@](O)(Cn6cccn6)C5)cc34)ccc2n1,151.4,active
CHEMBL4109571,Cn1cc2cc(-c3n[nH]c4ccc(C(=O)N[C@@H]5CCC[C@](O)(Cn6cnc7ccccc76)C5)cc34)ccc2n1,19.3,active
CHEMBL4112353,Cn1cc2cc(-c3n[nH]c4ccc(C(=O)N[C@@H]5CCC[C@@](O)(Cn6cnc7ccccc76)C5)cc34)ccc2n1,19.9,active
CHEMBL4111787,Cc1cc(-c2n[nH]c3ccc(C(=O)N[C@@H]4CCC[C@](O)(Cn5cncn5)C4)cc23)ccn1,197.0,active
CHEMBL4108365,Cc1cc(-c2n[nH]c3ccc(C(=O)N[C@@H]4CCC[C@@](O)(Cn5cncn5)C4)cc23)ccn1,99.9,active
CHEMBL4109119,Cc1cc(-c2n[nH]c3ccc(C(=O)N[C@@H]4CCC[C@](O)(Cn5ncc6ccccc65)C4)cc23)ccn1,988.3,active
CHEMBL4109462,Cc1cc(-c2n[nH]c3ccc(C(=O)N[C@@H]4CCC[C@@](O)(Cn5ncc6ccccc65)C4)cc23)ccn1,7.0,active
CHEMBL4114964,Cc1cc(-c2n[nH]c3ccc(C(=O)N[C@@H]4CCC[C@](O)(Cn5c(C(F)(F)F)nc6ccccc65)C4)cc23)ccn1,436.2,active
CHEMBL4110719,Cc1cc(-c2n[nH]c3ccc(C(=O)N[C@@H]4CCC[C@@](O)(Cn5c(C(F)(F)F)nc6ccccc65)C4)cc23)ccn1,820.7,active
CHEMBL3972540,Cc1cc(-c2n[nH]c3ccc(C(=O)N[C@H]4CCC[C@@](O)(Cn5c(C)nc6ccccc65)C4)cc23)ccn1,53.0,active
CHEMBL3939508,Cc1cc(-c2n[nH]c3ccc(C(=O)N[C@H]4CCC[C@](O)(Cn5c(C)nc6ccccc65)C4)cc23)ccn1,331.8,active
CHEMBL4108843,Cc1cc(-c2n[nH]c3ccc(C(=O)N[C@@H]4CCC[C@](O)(Cn5cnc6ncccc65)C4)cc23)ccn1,464.0,active
CHEMBL4108763,Cc1cc(-c2n[nH]c3ccc(C(=O)N[C@@H]4CCC[C@](O)(Cn5cnc6cccnc65)C4)cc23)ccn1,536.8,active
CHEMBL4108671,Cc1cc(-c2n[nH]c3ccc(C(=O)N[C@@H]4CCC[C@](O)(Cn5cc6cccnc6n5)C4)cc23)ccn1,616.2,active
CHEMBL4115351,Cc1cc(-c2n[nH]c3ccc(C(=O)N[C@@H]4CCC[C@](O)(Cn5ncc6ccncc65)C4)cc23)ccn1,792.1,active
CHEMBL4111350,Cc1cc(-c2n[nH]c3ccc(C(=O)N[C@@H]4CCC[C@](O)(Cn5c(C)nc6cnccc65)C4)cc23)ccn1,135.5,active
CHEMBL4107789,Cc1cc(-c2n[nH]c3ccc(C(=O)N[C@@H]4CCC[C@@](O)(Cn5c(C)nc6cnccc65)C4)cc23)ccn1,1000.0,active
CHEMBL4110891,Cc1cc(-c2n[nH]c3ccc(C(=O)N[C@@H]4CCC[C@@](O)(Cn5cc6cccnc6n5)C4)cc23)ccn1,591.0,active
CHEMBL4109352,Cc1cc(-c2n[nH]c3ccc(C(=O)N[C@@H]4CCC[C@@](O)(Cn5ncc6cccnc65)C4)cc23)ccn1,8.6,active
CHEMBL4109169,Cc1cc(-c2n[nH]c3ccc(C(=O)N[C@@H]4CCC[C@@](O)(Cn5ncc6ccncc65)C4)cc23)ccn1,35.1,active
CHEMBL4112732,Cc1cc(-c2n[nH]c3ccc(C(=O)N[C@@H]4CCC[C@@](O)(Cn5cnc6ncccc65)C4)cc23)ccn1,824.7,active
CHEMBL4109381,Cc1cc(-c2n[nH]c3ccc(C(=O)N[C@@H]4CCC[C@@](O)(Cn5cnc6cccnc65)C4)cc23)ccn1,97.6,active
CHEMBL4111145,Cc1cc(-c2n[nH]c3ccc(C(=O)N[C@@H]4CCC[C@](O)(Cn5ncccc5=O)C4)cc23)ccn1,1000.0,active
CHEMBL4115052,Cc1cc(-c2n[nH]c3ccc(C(=O)N[C@@H]4CCC[C@@](O)(Cn5ncccc5=O)C4)cc23)ccn1,1000.0,active
CHEMBL4114589,O=C(N[C@@H]1CCC[C@](O)(Cn2ccccc2=O)C1)c1ccc2[nH]nc(-c3ccc4nccn4c3)c2c1,1000.0,active
CHEMBL4109406,O=C(N[C@@H]1CCC[C@@](O)(Cn2ncc3ncccc32)C1)c1ccc2[nH]nc(-c3ccc4nccn4c3)c2c1,1000.0,active
CHEMBL4107553,Cc1cc(-c2n[nH]c3ccc(C(=O)N[C@@H]4CCC[C@](O)(Cn5ncc6cnccc65)C4)cc23)ccn1,410.2,active
CHEMBL4111719,Cc1cc(-c2n[nH]c3ccc(C(=O)N[C@@H]4CCC[C@](O)(CN5C(=O)Cc6ccccc65)C4)cc23)ccn1,497.4,active
CHEMBL4114328,Cc1cc(-c2n[nH]c3ccc(C(=O)N[C@@H]4CCC[C@](O)(Cn5c(=O)ccc6ccccc65)C4)cc23)ccn1,714.2,active
CHEMBL4114558,Cc1cc(-c2n[nH]c3ccc(C(=O)N[C@@H]4CCC[C@](O)(Cn5cc6ccccc6n5)C4)cc23)ccn1,27.4,active
CHEMBL4107062,Cc1cc(-c2n[nH]c3ccc(C(=O)N[C@@H]4CCC[C@@](O)(Cn5ncc6cnccc65)C4)cc23)ccn1,563.3,active
CHEMBL4109042,Cc1cc(-c2n[nH]c3ccc(C(=O)N[C@@H]4CCC[C@@](O)(CN5C(=O)Cc6ccccc65)C4)cc23)ccn1,10.8,active
CHEMBL4107339,Cc1cc(-c2n[nH]c3ccc(C(=O)N[C@@H]4CCC[C@@](O)(Cn5c(=O)ccc6ccccc65)C4)cc23)ccn1,164.6,active
CHEMBL4114179,Cc1cc(-c2n[nH]c3ccc(C(=O)N[C@@H]4CCC[C@@](O)(Cn5cc6ccccc6n5)C4)cc23)ccn1,35.0,active
CHEMBL3950859,Cc1cc(-c2n[nH]c3ccc(C(=O)N[C@H]4CCC[C@@](O)(Cn5cc(C#N)c6ccccc65)C4)cc23)ccn1,1000.0,active
CHEMBL3917393,Cc1cc(-c2n[nH]c3ccc(C(=O)N[C@H]4CCC[C@@](O)(Cn5ncc6c(F)cccc65)C4)cc23)ccn1,576.7,active
CHEMBL3928311,Cc1cc(-c2n[nH]c3ccc(C(=O)N[C@H]4CCC[C@@](O)(Cn5cc6c(F)cccc6n5)C4)cc23)ccn1,1000.0,active
CHEMBL3955928,Cc1cc(-c2n[nH]c3ccc(C(=O)N[C@H]4CCC[C@@](O)(Cn5ncc6cc(F)ccc65)C4)cc23)ccn1,1000.0,active
CHEMBL3933767,Cc1cc(-c2n[nH]c3ccc(C(=O)N[C@H]4CCC[C@@](O)(Cn5cc6cc(F)ccc6n5)C4)cc23)ccn1,1000.0,active
CHEMBL3953996,Cc1cc(-c2n[nH]c3ccc(C(=O)N[C@H]4CCC[C@@](O)(Cn5ncc6ccc(F)cc65)C4)cc23)ccn1,1000.0,active
CHEMBL3972348,Cc1cc(-c2n[nH]c3ccc(C(=O)N[C@H]4CCC[C@@](O)(Cn5cc6cccc(F)c6n5)C4)cc23)ccn1,703.7,active
CHEMBL3954886,Cc1cc(-c2n[nH]c3ccc(C(=O)N[C@H]4CCC[C@](O)(Cn5ncc6c(F)cccc65)C4)cc23)ccn1,21.3,active
CHEMBL3980401,Cc1cc(-c2n[nH]c3ccc(C(=O)N[C@H]4CCC[C@@](O)(Cn5ncc6cccc(F)c65)C4)cc23)ccn1,74.3,active
CHEMBL3961327,Cc1cc(-c2n[nH]c3ccc(C(=O)N[C@H]4CCC[C@@](O)(Cn5cc6ccc(C(F)(F)F)cc6n5)C4)cc23)ccn1,1000.0,active
CHEMBL3892343,Cc1cc(-c2n[nH]c3ccc(C(=O)N[C@H]4CCC[C@](O)(Cn5ncc6ccc(C(F)(F)F)cc65)C4)cc23)ccn1,107.2,active
CHEMBL3985664,Cc1cc(-c2n[nH]c3ccc(C(=O)N[C@H]4CCC[C@](O)(Cn5ncc6ccc(F)cc65)C4)cc23)ccn1,361.9,active
CHEMBL3912433,Cn1cc2cc(-c3n[nH]c4ccc(C(=O)NC5CCCC(Cn6ccnc6)C5)cc34)ccc2n1,29.3,active
CHEMBL3974357,Cn1cc2cc(-c3n[nH]c4ccc(C(=O)NC5CCCC(Cn6cnc7ccccc76)C5)cc34)ccc2n1,21.1,active
CHEMBL3903421,O=C(NC1CCCC(Cn2cccn2)C1)c1ccc2[nH]nc(-c3ccc4nccn4c3)c2c1,74.6,active
CHEMBL3965872,O=C(NC1CCCC(Cn2cncn2)C1)c1ccc2[nH]nc(-c3ccc4nccn4c3)c2c1,77.2,active
CHEMBL3897929,Cc1nc2ccc(-c3n[nH]c4ccc(C(=O)NC5CCCC(Cn6cc(C#N)c7ccccc76)C5)cc34)cc2s1,1000.0,active
CHEMBL3965296,Cc1cc(-c2n[nH]c3ccc(C(=O)NC4CCCC(Cn5cc6cccnc6n5)C4)cc23)ccn1,163.9,active
CHEMBL3986755,Cc1cc(-c2n[nH]c3ccc(C(=O)NC4CCCC(Cn5ncc6cccnc65)C4)cc23)ccn1,15.4,active
CHEMBL3949403,Cc1cc(-c2n[nH]c3ccc(C(=O)NC4CCCC(Cn5ncc6ccncc65)C4)cc23)ccn1,33.8,active
CHEMBL3909336,Cc1cc(-c2n[nH]c3ccc(C(=O)NC4CCCC(Cn5c(C)nc6cnccc65)C4)cc23)ccn1,1000.0,active
CHEMBL3919295,Cc1cc(-c2n[nH]c3ccc(C(=O)NC4CCCC(Cn5cnc6ncccc65)C4)cc23)ccn1,86.5,active
CHEMBL3980823,Cc1cc(-c2n[nH]c3ccc(C(=O)NC4CCCC(Cn5cnc6cccnc65)C4)cc23)ccn1,60.8,active
CHEMBL3919697,Cc1cc(-c2n[nH]c3ccc(C(=O)NC4CCCC(Cn5ncc6cnccc65)C4)cc23)ccn1,530.4,active
CHEMBL3895209,Cc1cc(-c2n[nH]c3ccc(C(=O)NC4CCCC(CN5C(=O)Cc6ccccc65)C4)cc23)ccn1,17.4,active
CHEMBL3896237,Cc1cc(-c2n[nH]c3ccc(C(=O)NC4CCCC(Cn5c(=O)ccc6ccccc65)C4)cc23)ccn1,37.2,active
CHEMBL3967467,Cc1cc(-c2n[nH]c3ccc(C(=O)NC4CCCC(Cn5cc6ccccc6n5)C4)cc23)ccn1,14.3,active
CHEMBL3905191,Cc1cc(-c2n[nH]c3ccc(C(=O)NC4CCCC(Cn5ncc6ccccc65)C4)cc23)ccn1,10.7,active
CHEMBL3972804,Cc1cc(-c2n[nH]c3ccc(C(=O)NC4CCCC(Cn5cc6cc(F)ccc6n5)C4)cc23)ccn1,263.8,active
CHEMBL3902937,Cc1cc(-c2n[nH]c3ccc(C(=O)NC4CCCC(Cn5ncc6ccc(C(F)(F)F)cc65)C4)cc23)ccn1,1000.0,active
CHEMBL3973903,Cc1cc(-c2n[nH]c3ccc(C(=O)NC4CCCC(Cn5ncc6cccc(F)c65)C4)cc23)ccn1,56.6,active
CHEMBL3964495,Cc1nc2ccc(-c3n[nH]c4ccc(C(=O)NC5CCCC(Cn6c(C)nc7ccccc76)C5)cc34)cc2s1,1000.0,active
CHEMBL3981329,CCOC(=O)C1(Cc2ccccc2F)CCCC(NC(=O)c2ccc3[nH]nc(-c4ccnc(C)c4)c3c2)C1,1000.0,active
CHEMBL3957796,Cc1cc(-c2n[nH]c3ccc(C(=O)NC4CCCC(CO)(Cc5c(F)cccc5F)C4)cc23)ccn1,635.9,active
CHEMBL3892270,Cc1cc(-c2n[nH]c3ccc(C(=O)NC4CCCC(CO)(Cc5ccccc5F)C4)cc23)ccn1,1000.0,active
CHEMBL3968834,Cc1cc(-c2n[nH]c3ccc(C(=O)NC4CCCC(Cc5ccccc5F)(C(=O)O)C4)cc23)ccn1,1000.0,active
CHEMBL3897670,Cc1cc(-c2n[nH]c3ccc(C(=O)NC4CCCC(CO)(Cc5ccccc5)C4)cc23)ccn1,223.0,active
CHEMBL3906674,Cc1cc(-c2n[nH]c3ccc(C(=O)NC4CCCC(CO)(Cc5ccc(F)cc5F)C4)cc23)ccn1,436.5,active
CHEMBL3899662,Cc1cc(-c2n[nH]c3ccc(C(=O)NC4CCCC(CO)(Cc5ccc(F)cc5)C4)cc23)ccn1,357.2,active
CHEMBL3971709,Cc1cc(-c2n[nH]c3ccc(C(=O)NC4CCCC(Cc5ccc(F)cc5)(C(=O)O)C4)cc23)ccn1,302.0,active
CHEMBL3966580,Cc1cc(-c2n[nH]c3ccc(C(=O)NC4CCC(CO)(Cc5ccccc5F)C4)cc23)ccn1,19.2,active
CHEMBL3920184,Cc1cc(-c2n[nH]c3ccc(C(=O)NN4CCCC(Oc5ccccc5F)C4)cc23)ccn1,152.9,active
CHEMBL3937931,CC(C)Oc1ccc(-c2n[nH]c3ccc(C(=O)NN4CCCC4CCc4ccccc4)cc23)cn1,496.7,active
CHEMBL3899466,Cc1cc(-c2n[nH]c3ccc(C(=O)NN4CCCC4CCc4ccccc4)cc23)ccn1,28.7,active
CHEMBL3963721,CC(C)Oc1cc(-c2n[nH]c3ccc(C(=O)NN4CCCC4CCc4ccccc4)cc23)ccn1,1000.0,active
CHEMBL3931556,Cc1cc(-c2n[nH]c3ccc(C(=O)NN4CCCC(CO)(Oc5cc(F)ccc5F)C4)cc23)ccn1,387.9,active
CHEMBL3962541,Cc1cc(-c2n[nH]c3ccc(C(=O)NN4CCCC(CO)(Oc5ccc(F)cc5)C4)cc23)ccn1,444.8,active
CHEMBL3926157,COCC1(Cc2ccccc2F)CCCN(NC(=O)c2ccc3[nH]nc(-c4ccnc(C)c4)c3c2)C1,937.2,active
CHEMBL3953795,Cc1cc(-c2n[nH]c3ccc(C(=O)NN4CCC(CO)(Cc5ccccc5F)C4)cc23)ccn1,32.2,active
CHEMBL3924926,Cc1cc(-c2n[nH]c3ccc(C(=O)NN4CCCC(CO)(Cc5ccccc5F)C4)cc23)ccn1,193.0,active
CHEMBL3955924,Cc1cc(-c2n[nH]c3ccc(C(=O)NC4CCCC(N)(Cc5ccccc5F)C4)cc23)ccn1,514.2,active
CHEMBL3940581,Cc1cc(-c2n[nH]c3ccc(C(=O)NC4CCCC(Cc5ccccc5F)(NC=O)C4)cc23)ccn1,161.5,active
CHEMBL4535851,Cc1cc(-c2n[nH]c3cc(NC(=O)CCc4ccccc4)ncc23)ccn1,420.0,active
CHEMBL4442628,Cc1cc(-c2n[nH]c3cc(NC(=O)OCc4ccccc4)ncc23)ccn1,3000.0,intermediate
CHEMBL4565327,Cc1cc(-c2n[nH]c3cc(NC(=O)OCc4ccccc4)ccc23)ccn1,3000.0,intermediate
